,rivalAvg,rivalGood,value,date_wise,index_code,date
0,244241.2,1486966.0,114279.79999999999,day,payAmt,2020-09-20
1,308824.4,1244988.1,189265.01000000004,day,payAmt,2020-09-21
2,651944.6,1569186.9,393244.54000000004,day,payAmt,2020-09-22
3,422681.8,891219.0,187928.93000000002,day,payAmt,2020-09-23
4,416736.4,898984.2,166189.6,day,payAmt,2020-09-24
5,276209.2,729089.2,214859.39999999997,day,payAmt,2020-09-25
6,301868.0,692898.4,154185.4,day,payAmt,2020-09-26
7,260548.6,634958.8,173220.09999999998,day,payAmt,2020-09-27
8,243410.6,716581.5,218203.72999999998,day,payAmt,2020-09-28
9,204900.6,563074.2,136519.59999999998,day,payAmt,2020-09-29
10,172786.2,360269.4,78191.99999999999,day,payAmt,2020-09-30
11,176095.4,410022.9,142517.66999999998,day,payAmt,2020-10-01
12,150887.2,395062.6,96440.83999999997,day,payAmt,2020-10-02
13,150888.2,285338.6,86433.95,day,payAmt,2020-10-03
14,136387.0,291563.6,106674.68000000001,day,payAmt,2020-10-04
15,112596.4,256449.0,95494.58999999997,day,payAmt,2020-10-05
16,121481.6,260742.6,91574.41999999997,day,payAmt,2020-10-06
17,130372.8,311929.0,131692.89,day,payAmt,2020-10-07
18,126207.4,235479.6,140915.26,day,payAmt,2020-10-08
19,124963.8,349810.4,82780.51999999999,day,payAmt,2020-10-09
20,149544.4,333804.2,136037.59999999998,day,payAmt,2020-10-10
21,118974.0,282717.5,96480.04999999997,day,payAmt,2020-10-11
22,106218.6,250561.6,107309.93999999996,day,payAmt,2020-10-12
23,100166.4,273089.4,101351.99999999997,day,payAmt,2020-10-13
24,118459.6,221687.8,177837.90000000002,day,payAmt,2020-10-14
25,140788.8,401153.8,114957.06,day,payAmt,2020-10-15
26,115454.8,305738.2,119982.79999999997,day,payAmt,2020-10-16
27,112661.0,339747.0,75044.79999999999,day,payAmt,2020-10-17
28,105466.0,225689.3,64634.63,day,payAmt,2020-10-18
29,136728.4,695837.9,93395.45999999998,day,payAmt,2020-10-19
0,59075.0,160051.0,15763.0,day,uv,2020-09-20
1,40053.0,91317.0,16467.0,day,uv,2020-09-21
2,47695.0,92749.0,17150.0,day,uv,2020-09-22
3,45234.0,87670.0,18449.0,day,uv,2020-09-23
4,43166.0,85334.0,19222.0,day,uv,2020-09-24
5,34238.0,63338.0,21252.0,day,uv,2020-09-25
6,42889.0,62224.0,18316.0,day,uv,2020-09-26
7,36338.0,69877.0,20164.0,day,uv,2020-09-27
8,32067.0,69257.0,18954.0,day,uv,2020-09-28
9,34080.0,66008.0,20294.0,day,uv,2020-09-29
10,30888.0,52152.0,13312.0,day,uv,2020-09-30
11,23972.0,89705.0,13703.0,day,uv,2020-10-01
12,23031.0,75820.0,14588.0,day,uv,2020-10-02
13,22163.0,76469.0,15343.0,day,uv,2020-10-03
14,24716.0,65241.0,15072.0,day,uv,2020-10-04
15,23351.0,63003.0,15907.0,day,uv,2020-10-05
16,22211.0,59504.0,16543.0,day,uv,2020-10-06
17,21503.0,57507.0,17112.0,day,uv,2020-10-07
18,21816.0,54086.0,16062.0,day,uv,2020-10-08
19,17526.0,57983.0,15797.0,day,uv,2020-10-09
20,23648.0,58475.0,18046.0,day,uv,2020-10-10
21,22885.0,58716.0,16898.0,day,uv,2020-10-11
22,21739.0,45963.0,15779.0,day,uv,2020-10-12
23,21297.0,45341.0,17579.0,day,uv,2020-10-13
24,21784.0,50947.0,17314.0,day,uv,2020-10-14
25,23024.0,61253.0,16722.0,day,uv,2020-10-15
26,22104.0,51735.0,15115.0,day,uv,2020-10-16
27,22412.0,57010.0,15853.0,day,uv,2020-10-17
28,25832.0,50235.0,16149.0,day,uv,2020-10-18
29,30170.0,57992.0,16804.0,day,uv,2020-10-19
0,0.0142,0.0437,0.01446425172873184,day,payRate,2020-09-20
1,0.0139,0.0299,0.01068804275217101,day,payRate,2020-09-21
2,0.023,0.062,0.027346938775510202,day,payRate,2020-09-22
3,0.0213,0.0623,0.0187544040327389,day,payRate,2020-09-23
4,0.0221,0.0525,0.01498283217147019,day,payRate,2020-09-24
5,0.0155,0.0351,0.012939958592132506,day,payRate,2020-09-25
6,0.0164,0.048,0.011410788381742738,day,payRate,2020-09-26
7,0.0178,0.0288,0.014778813727435032,day,payRate,2020-09-27
8,0.0134,0.026,0.016935739157961382,day,payRate,2020-09-28
9,0.0126,0.0265,0.015423277816103281,day,payRate,2020-09-29
10,0.0089,0.0241,0.012770432692307692,day,payRate,2020-09-30
11,0.0088,0.0326,0.021893016127855214,day,payRate,2020-10-01
12,0.0099,0.0271,0.017205922676172197,day,payRate,2020-10-02
13,0.008,0.0402,0.019292185361402595,day,payRate,2020-10-03
14,0.0077,0.0261,0.01665339702760085,day,payRate,2020-10-04
15,0.008,0.025,0.016785063179732194,day,payRate,2020-10-05
16,0.0081,0.0452,0.014870337907271958,day,payRate,2020-10-06
17,0.01,0.0463,0.016070593735390368,day,payRate,2020-10-07
18,0.0088,0.0419,0.013385630681110696,day,payRate,2020-10-08
19,0.008,0.0354,0.014433120212698613,day,payRate,2020-10-09
20,0.0094,0.025,0.0118585836196387,day,payRate,2020-10-10
21,0.0098,0.0314,0.014143685643271392,day,payRate,2020-10-11
22,0.0089,0.0295,0.018061981114139047,day,payRate,2020-10-12
23,0.0108,0.0277,0.013425109505660162,day,payRate,2020-10-13
24,0.0102,0.0263,0.013168534134226638,day,payRate,2020-10-14
25,0.01,0.0326,0.015368975002990073,day,payRate,2020-10-15
26,0.009,0.0383,0.016738339397949057,day,payRate,2020-10-16
27,0.009,0.0387,0.013814419983599318,day,payRate,2020-10-17
28,0.0076,0.0335,0.014613907981918386,day,payRate,2020-10-18
29,0.0089,0.0603,0.016662699357295883,day,payRate,2020-10-19
0,992.8,2681.3,501.2271929824561,day,payPct,2020-09-20
1,1039.6,2500.9,1075.3693750000002,day,payPct,2020-09-21
2,973.6,2551.0,838.474498933902,day,payPct,2020-09-22
3,951.0,2465.2,543.147196531792,day,payPct,2020-09-23
4,804.2,1715.6,577.0472222222222,day,payPct,2020-09-24
5,919.4,2108.5,781.306909090909,day,payPct,2020-09-25
6,789.0,1786.2,737.7291866028708,day,payPct,2020-09-26
7,1090.8,2010.5,581.2755033557046,day,payPct,2020-09-27
8,986.4,1612.9,679.762398753894,day,payPct,2020-09-28
9,962.6,2243.7,436.1648562300319,day,payPct,2020-09-29
10,991.6,2074.6,459.9529411764705,day,payPct,2020-09-30
11,838.4,2262.2,475.05889999999994,day,payPct,2020-10-01
12,812.6,2858.8,384.2264541832668,day,payPct,2020-10-02
13,844.6,2562.6,292.00658783783786,day,payPct,2020-10-03
14,742.6,1927.6,424.99872509960164,day,payPct,2020-10-04
15,787.2,1407.8,357.6576404494381,day,payPct,2020-10-05
16,717.8,1780.0,372.25373983739826,day,payPct,2020-10-06
17,846.2,1607.2,478.8832363636364,day,payPct,2020-10-07
18,809.0,1826.2,655.4198139534884,day,payPct,2020-10-08
19,1179.6,2302.1,363.0724561403508,day,payPct,2020-10-09
20,859.4,2299.4,635.6897196261681,day,payPct,2020-10-10
21,761.0,2112.5,403.68221757322164,day,payPct,2020-10-11
22,898.2,2327.4,376.5261052631578,day,payPct,2020-10-12
23,742.4,2131.0,429.4576271186439,day,payPct,2020-10-13
24,774.2,3160.4,779.9907894736843,day,payPct,2020-10-14
25,888.2,2362.6,447.3037354085603,day,payPct,2020-10-15
26,767.0,2498.0,474.2403162055335,day,payPct,2020-10-16
27,742.2,2825.8,342.67031963470316,day,payPct,2020-10-17
28,609.4,2489.1,273.8755508474576,day,payPct,2020-10-18
29,739.0,2713.5,333.5552142857142,day,payPct,2020-10-19
0,63300.6,155228.0,148667.09,day,rfdSucAmt,2020-09-20
1,40758.4,235871.5,21935.0,day,rfdSucAmt,2020-09-21
2,66350.6,308165.7,24530.86,day,rfdSucAmt,2020-09-22
3,52888.2,211252.2,7118.76,day,rfdSucAmt,2020-09-23
4,39873.0,179644.7,6952.78,day,rfdSucAmt,2020-09-24
5,53031.0,147578.5,12751.68,day,rfdSucAmt,2020-09-25
6,31417.4,136750.9,9630.2,day,rfdSucAmt,2020-09-26
7,33766.6,118646.3,4919.2,day,rfdSucAmt,2020-09-27
8,30418.4,113840.8,3660.27,day,rfdSucAmt,2020-09-28
9,32969.4,83758.6,17514.46,day,rfdSucAmt,2020-09-29
10,22119.2,46756.8,18694.6,day,rfdSucAmt,2020-09-30
11,20995.6,72151.2,9242.01,day,rfdSucAmt,2020-10-01
12,18972.4,65683.3,6388.62,day,rfdSucAmt,2020-10-02
13,20165.4,44122.3,4858.06,day,rfdSucAmt,2020-10-03
14,18239.2,53254.7,5236.18,day,rfdSucAmt,2020-10-04
15,14917.0,50002.3,7491.18,day,rfdSucAmt,2020-10-05
16,18746.4,43963.6,8773.83,day,rfdSucAmt,2020-10-06
17,14081.0,50255.4,8429.96,day,rfdSucAmt,2020-10-07
18,14514.6,29054.6,10880.0,day,rfdSucAmt,2020-10-08
19,21950.8,75257.6,4913.79,day,rfdSucAmt,2020-10-09
20,17935.2,66045.9,4816.92,day,rfdSucAmt,2020-10-10
21,11358.6,115225.0,4639.84,day,rfdSucAmt,2020-10-11
22,10058.6,47756.7,15710.0,day,rfdSucAmt,2020-10-12
23,17469.4,38460.7,4347.0,day,rfdSucAmt,2020-10-13
24,13451.4,43422.5,52190.7,day,rfdSucAmt,2020-10-14
25,16596.6,70009.7,2780.01,day,rfdSucAmt,2020-10-15
26,13843.6,41243.3,13054.66,day,rfdSucAmt,2020-10-16
27,11951.2,42330.7,5863.2,day,rfdSucAmt,2020-10-17
28,9802.4,44546.8,8198.0,day,rfdSucAmt,2020-10-18
29,18893.4,101389.7,3372.0,day,rfdSucAmt,2020-10-19
0,7340.0,13759.0,3587.7600000000016,day,p4pExpendAmt,2020-09-20
1,6989.0,13856.0,3666.5000000000014,day,p4pExpendAmt,2020-09-21
2,6660.0,14613.0,3521.300000000001,day,p4pExpendAmt,2020-09-22
3,6682.0,13538.0,3668.5200000000004,day,p4pExpendAmt,2020-09-23
4,7405.8,14478.4,3635.64,day,p4pExpendAmt,2020-09-24
5,5836.2,14574.8,2765.359999999999,day,p4pExpendAmt,2020-09-25
6,7298.4,14716.5,3621.469999999999,day,p4pExpendAmt,2020-09-26
7,6147.2,15633.5,3833.7499999999986,day,p4pExpendAmt,2020-09-27
8,4870.8,12882.6,3486.3299999999995,day,p4pExpendAmt,2020-09-28
9,5172.0,12770.8,4072.909999999999,day,p4pExpendAmt,2020-09-29
10,3530.6,12486.0,2700.6699999999996,day,p4pExpendAmt,2020-09-30
11,3515.8,13195.2,2678.76,day,p4pExpendAmt,2020-10-01
12,3510.6,13611.4,2924.8000000000015,day,p4pExpendAmt,2020-10-02
13,3742.6,13383.1,3280.9400000000005,day,p4pExpendAmt,2020-10-03
14,4377.6,13215.8,3448.5199999999995,day,p4pExpendAmt,2020-10-04
15,3786.8,13146.3,3583.599999999997,day,p4pExpendAmt,2020-10-05
16,4165.4,12694.9,4109.41,day,p4pExpendAmt,2020-10-06
17,4258.0,13624.9,4210.060000000002,day,p4pExpendAmt,2020-10-07
18,4124.4,11952.2,3906.879999999996,day,p4pExpendAmt,2020-10-08
19,3961.2,10920.2,3789.5000000000014,day,p4pExpendAmt,2020-10-09
20,4789.6,9628.8,4168.610000000001,day,p4pExpendAmt,2020-10-10
21,4521.8,9452.8,3729.1000000000004,day,p4pExpendAmt,2020-10-11
22,3487.6,8236.4,2936.35,day,p4pExpendAmt,2020-10-12
23,4862.8,8703.4,3044.9400000000023,day,p4pExpendAmt,2020-10-13
24,4986.6,12587.5,3031.609999999997,day,p4pExpendAmt,2020-10-14
25,4755.6,12319.7,2818.3200000000006,day,p4pExpendAmt,2020-10-15
26,4408.4,15310.0,2587.9500000000007,day,p4pExpendAmt,2020-10-16
27,4991.0,16703.0,3237.329999999997,day,p4pExpendAmt,2020-10-17
28,5980.4,23480.6,3191.6,day,p4pExpendAmt,2020-10-18
29,5666.0,19519.0,2995.3199999999997,day,p4pExpendAmt,2020-10-19
0,3279.4,9724.2,174.58999999999997,day,feedCharge,2020-09-20
1,2798.0,9028.5,243.51,day,feedCharge,2020-09-21
2,2512.4,9740.4,233.52000000000004,day,feedCharge,2020-09-22
3,2502.4,10522.2,291.5400000000001,day,feedCharge,2020-09-23
4,2191.2,8921.8,264.28000000000003,day,feedCharge,2020-09-24
5,1591.0,7829.0,265.53,day,feedCharge,2020-09-25
6,2819.4,9080.4,296.63000000000005,day,feedCharge,2020-09-26
7,1946.2,8757.4,270.63,day,feedCharge,2020-09-27
8,1966.2,7378.6,236.36000000000007,day,feedCharge,2020-09-28
9,1782.0,5595.0,199.11999999999995,day,feedCharge,2020-09-29
10,1664.0,4853.0,182.60999999999999,day,feedCharge,2020-09-30
11,1714.0,7809.5,196.12999999999997,day,feedCharge,2020-10-01
12,2093.0,8594.4,225.17000000000002,day,feedCharge,2020-10-02
13,1719.0,8252.5,234.30000000000004,day,feedCharge,2020-10-03
14,1993.0,8062.5,266.52,day,feedCharge,2020-10-04
15,2191.8,8265.4,245.54999999999998,day,feedCharge,2020-10-05
16,2064.4,8619.0,288.68000000000006,day,feedCharge,2020-10-06
17,2095.4,8184.8,279.15999999999997,day,feedCharge,2020-10-07
18,2106.2,9186.1,318.9599999999999,day,feedCharge,2020-10-08
19,1912.6,8330.0,268.1499999999999,day,feedCharge,2020-10-09
20,1856.2,7249.2,227.67,day,feedCharge,2020-10-10
21,1983.4,8759.6,244.56,day,feedCharge,2020-10-11
22,2036.0,7208.5,189.28999999999996,day,feedCharge,2020-10-12
23,2312.2,7262.2,238.62000000000003,day,feedCharge,2020-10-13
24,2155.2,7667.6,192.30999999999995,day,feedCharge,2020-10-14
25,3039.8,9219.8,219.39999999999998,day,feedCharge,2020-10-15
26,3382.8,9299.6,193.68,day,feedCharge,2020-10-16
27,3158.0,8717.2,179.54000000000005,day,feedCharge,2020-10-17
28,4209.6,9112.3,185.58,day,feedCharge,2020-10-18
29,3719.2,8476.6,168.96999999999994,day,feedCharge,2020-10-19
0,2334.0,7659.0,0.0,day,zzExpendAmt,2020-09-20
1,2548.0,5069.3,0.0,day,zzExpendAmt,2020-09-21
2,3091.0,6644.8,0.0,day,zzExpendAmt,2020-09-22
3,2841.0,6611.5,0.0,day,zzExpendAmt,2020-09-23
4,2471.4,6501.4,0.0,day,zzExpendAmt,2020-09-24
5,1447.0,7689.5,0.0,day,zzExpendAmt,2020-09-25
6,1320.2,8124.2,0.0,day,zzExpendAmt,2020-09-26
7,1449.2,7576.8,0.0,day,zzExpendAmt,2020-09-27
8,1569.0,7507.0,0.0,day,zzExpendAmt,2020-09-28
9,1524.2,6351.2,0.0,day,zzExpendAmt,2020-09-29
10,1654.8,6070.4,0.0,day,zzExpendAmt,2020-09-30
11,1319.8,7312.7,0.0,day,zzExpendAmt,2020-10-01
12,1571.6,6748.8,0.0,day,zzExpendAmt,2020-10-02
13,1799.0,3928.0,0.0,day,zzExpendAmt,2020-10-03
14,1716.0,3960.7,0.0,day,zzExpendAmt,2020-10-04
15,1566.2,2766.0,0.0,day,zzExpendAmt,2020-10-05
16,1491.8,2989.6,0.0,day,zzExpendAmt,2020-10-06
17,1121.8,2801.0,0.0,day,zzExpendAmt,2020-10-07
18,1198.8,2862.8,0.0,day,zzExpendAmt,2020-10-08
19,1191.2,2628.0,0.0,day,zzExpendAmt,2020-10-09
20,837.8,3016.0,0.0,day,zzExpendAmt,2020-10-10
21,902.2,3086.6,0.0,day,zzExpendAmt,2020-10-11
22,868.2,2953.8,0.0,day,zzExpendAmt,2020-10-12
23,1293.0,3507.4,0.0,day,zzExpendAmt,2020-10-13
24,1036.2,7560.6,0.0,day,zzExpendAmt,2020-10-14
25,1113.0,7249.4,0.0,day,zzExpendAmt,2020-10-15
26,1403.0,7731.6,0.0,day,zzExpendAmt,2020-10-16
27,1477.6,6969.8,0.0,day,zzExpendAmt,2020-10-17
28,1590.8,6119.4,0.0,day,zzExpendAmt,2020-10-18
29,2027.2,8093.7,0.0,day,zzExpendAmt,2020-10-19
0,8355.8,83619.4,610.65,day,tkExpendAmt,2020-09-20
1,5873.2,61044.4,327.53000000000003,day,tkExpendAmt,2020-09-21
2,5200.4,44725.8,422.90999999999997,day,tkExpendAmt,2020-09-22
3,2799.4,23577.6,218.25999999999996,day,tkExpendAmt,2020-09-23
4,2932.0,25946.0,601.7599999999999,day,tkExpendAmt,2020-09-24
5,2569.2,15743.6,343.78,day,tkExpendAmt,2020-09-25
6,2744.6,16073.0,262.31000000000006,day,tkExpendAmt,2020-09-26
7,3582.0,26046.0,546.0699999999999,day,tkExpendAmt,2020-09-27
8,4935.0,65723.5,197.06999999999996,day,tkExpendAmt,2020-09-28
9,4379.0,43661.8,317.51000000000005,day,tkExpendAmt,2020-09-29
10,3264.8,35850.4,184.69,day,tkExpendAmt,2020-09-30
11,2401.0,23654.0,70.94000000000001,day,tkExpendAmt,2020-10-01
12,2181.0,45023.5,417.84999999999997,day,tkExpendAmt,2020-10-02
13,2601.0,21499.0,195.58999999999997,day,tkExpendAmt,2020-10-03
14,2103.0,11728.0,110.41000000000001,day,tkExpendAmt,2020-10-04
15,1944.0,23326.0,607.6799999999998,day,tkExpendAmt,2020-10-05
16,1335.0,9264.0,155.74,day,tkExpendAmt,2020-10-06
17,1339.0,4858.6,234.75,day,tkExpendAmt,2020-10-07
18,1288.0,6871.6,323.03000000000003,day,tkExpendAmt,2020-10-08
19,1022.4,6466.2,125.59000000000002,day,tkExpendAmt,2020-10-09
20,1823.0,3292.5,118.34999999999998,day,tkExpendAmt,2020-10-10
21,670.2,3387.4,84.18,day,tkExpendAmt,2020-10-11
22,605.6,2574.6,164.57000000000002,day,tkExpendAmt,2020-10-12
23,426.2,3219.2,107.73,day,tkExpendAmt,2020-10-13
24,379.4,3192.8,141.11999999999998,day,tkExpendAmt,2020-10-14
25,509.0,3720.6,220.29,day,tkExpendAmt,2020-10-15
26,358.4,3210.2,105.72000000000001,day,tkExpendAmt,2020-10-16
27,397.4,3359.6,135.68,day,tkExpendAmt,2020-10-17
28,639.6,2865.9,141.24999999999997,day,tkExpendAmt,2020-10-18
29,493.6,2817.2,285.13000000000005,day,tkExpendAmt,2020-10-19
0,381.0,1091.0,228.0,day,payByrCnt,2020-09-20
1,400.0,814.0,176.0,day,payByrCnt,2020-09-21
2,712.0,2092.0,469.0,day,payByrCnt,2020-09-22
3,656.0,1584.0,346.0,day,payByrCnt,2020-09-23
4,546.0,1940.0,288.0,day,payByrCnt,2020-09-24
5,440.0,1087.0,275.0,day,payByrCnt,2020-09-25
6,419.0,1372.0,209.0,day,payByrCnt,2020-09-26
7,318.0,1250.0,298.0,day,payByrCnt,2020-09-27
8,330.0,905.0,321.0,day,payByrCnt,2020-09-28
9,311.0,726.0,313.0,day,payByrCnt,2020-09-29
10,205.0,488.0,170.0,day,payByrCnt,2020-09-30
11,206.0,668.0,300.0,day,payByrCnt,2020-10-01
12,172.0,513.0,251.0,day,payByrCnt,2020-10-02
13,167.0,765.0,296.0,day,payByrCnt,2020-10-03
14,172.0,689.0,251.0,day,payByrCnt,2020-10-04
15,149.0,536.0,267.0,day,payByrCnt,2020-10-05
16,152.0,696.0,246.0,day,payByrCnt,2020-10-06
17,170.0,727.0,275.0,day,payByrCnt,2020-10-07
18,180.0,488.0,215.0,day,payByrCnt,2020-10-08
19,171.0,594.0,228.0,day,payByrCnt,2020-10-09
20,203.0,601.0,214.0,day,payByrCnt,2020-10-10
21,192.0,516.0,239.0,day,payByrCnt,2020-10-11
22,187.0,396.0,285.0,day,payByrCnt,2020-10-12
23,175.0,977.0,236.0,day,payByrCnt,2020-10-13
24,151.0,719.0,228.0,day,payByrCnt,2020-10-14
25,185.0,1076.0,257.0,day,payByrCnt,2020-10-15
26,171.0,904.0,253.0,day,payByrCnt,2020-10-16
27,144.0,855.0,219.0,day,payByrCnt,2020-10-17
28,189.0,599.0,236.0,day,payByrCnt,2020-10-18
29,246.0,1315.0,280.0,day,payByrCnt,2020-10-19
0,94.0,273.0,36.0,day,payOldByrCnt,2020-09-20
1,77.0,180.0,25.0,day,payOldByrCnt,2020-09-21
2,172.0,565.0,114.0,day,payOldByrCnt,2020-09-22
3,138.0,376.0,59.0,day,payOldByrCnt,2020-09-23
4,124.0,400.0,61.0,day,payOldByrCnt,2020-09-24
5,110.0,218.0,48.0,day,payOldByrCnt,2020-09-25
6,105.0,211.0,47.0,day,payOldByrCnt,2020-09-26
7,98.0,241.0,58.0,day,payOldByrCnt,2020-09-27
8,88.0,189.0,74.0,day,payOldByrCnt,2020-09-28
9,79.0,156.0,44.0,day,payOldByrCnt,2020-09-29
10,62.0,118.0,33.0,day,payOldByrCnt,2020-09-30
11,63.0,247.0,63.0,day,payOldByrCnt,2020-10-01
12,44.0,171.0,34.0,day,payOldByrCnt,2020-10-02
13,46.0,232.0,46.0,day,payOldByrCnt,2020-10-03
14,39.0,151.0,36.0,day,payOldByrCnt,2020-10-04
15,45.0,223.0,50.0,day,payOldByrCnt,2020-10-05
16,47.0,180.0,43.0,day,payOldByrCnt,2020-10-06
17,51.0,156.0,54.0,day,payOldByrCnt,2020-10-07
18,43.0,143.0,42.0,day,payOldByrCnt,2020-10-08
19,47.0,220.0,41.0,day,payOldByrCnt,2020-10-09
20,49.0,266.0,37.0,day,payOldByrCnt,2020-10-10
21,47.0,124.0,32.0,day,payOldByrCnt,2020-10-11
22,54.0,121.0,49.0,day,payOldByrCnt,2020-10-12
23,38.0,278.0,34.0,day,payOldByrCnt,2020-10-13
24,49.0,229.0,50.0,day,payOldByrCnt,2020-10-14
25,48.0,287.0,41.0,day,payOldByrCnt,2020-10-15
26,46.0,226.0,49.0,day,payOldByrCnt,2020-10-16
27,41.0,189.0,36.0,day,payOldByrCnt,2020-10-17
28,47.0,125.0,30.0,day,payOldByrCnt,2020-10-18
29,56.0,294.0,29.0,day,payOldByrCnt,2020-10-19
0,68074.6,336188.3,33446.0,day,olderPayAmt,2020-09-20
1,61330.8,206520.4,126597.40999999999,day,olderPayAmt,2020-09-21
2,144159.8,457405.0,228507.91,day,olderPayAmt,2020-09-22
3,123108.6,251758.8,50559.200000000004,day,olderPayAmt,2020-09-23
4,102344.6,229611.0,85831.4,day,olderPayAmt,2020-09-24
5,83224.0,192589.2,88072.20000000001,day,olderPayAmt,2020-09-25
6,79929.8,177314.2,62808.4,day,olderPayAmt,2020-09-26
7,87887.0,170548.5,35130.2,day,olderPayAmt,2020-09-27
8,68734.0,158844.2,134264.2,day,olderPayAmt,2020-09-28
9,51974.4,183957.1,29776.600000000002,day,olderPayAmt,2020-09-29
10,38233.6,143065.4,20768.4,day,olderPayAmt,2020-09-30
11,52035.0,132483.0,52035.94,day,olderPayAmt,2020-10-01
12,50884.0,140292.5,25919.31,day,olderPayAmt,2020-10-02
13,43146.0,106507.0,20921.23,day,olderPayAmt,2020-10-03
14,47147.0,94287.0,28647.56,day,olderPayAmt,2020-10-04
15,38588.0,86798.2,23518.410000000003,day,olderPayAmt,2020-10-05
16,33279.0,93886.2,28288.329999999998,day,olderPayAmt,2020-10-06
17,46681.0,122282.0,61882.46,day,olderPayAmt,2020-10-07
18,34528.4,70843.8,52321.95,day,olderPayAmt,2020-10-08
19,38851.0,159241.5,31011.02,day,olderPayAmt,2020-10-09
20,69429.0,126485.5,28574.199999999997,day,olderPayAmt,2020-10-10
21,34490.0,72317.5,10934.4,day,olderPayAmt,2020-10-11
22,27563.0,121680.0,23843.210000000003,day,olderPayAmt,2020-10-12
23,26940.8,135594.0,25865.600000000002,day,olderPayAmt,2020-10-13
24,34025.2,81033.2,48316.100000000006,day,olderPayAmt,2020-10-14
25,37746.0,128821.5,27021.600000000002,day,olderPayAmt,2020-10-15
26,42261.0,110563.0,38657.8,day,olderPayAmt,2020-10-16
27,31478.4,164701.6,18278.2,day,olderPayAmt,2020-10-17
28,22433.0,70627.0,10197.33,day,olderPayAmt,2020-10-18
29,39419.8,188316.1,14801.6,day,olderPayAmt,2020-10-19
0,473.0,1353.0,256.0,day,payOrdCnt,2020-09-20
1,474.0,1011.0,199.0,day,payOrdCnt,2020-09-21
2,893.0,2558.0,557.0,day,payOrdCnt,2020-09-22
3,808.0,1942.0,413.0,day,payOrdCnt,2020-09-23
4,677.0,2262.0,347.0,day,payOrdCnt,2020-09-24
5,551.0,1269.0,351.0,day,payOrdCnt,2020-09-25
6,516.0,1657.0,244.0,day,payOrdCnt,2020-09-26
7,449.0,1430.0,348.0,day,payOrdCnt,2020-09-27
8,456.0,1049.0,377.0,day,payOrdCnt,2020-09-28
9,397.0,832.0,360.0,day,payOrdCnt,2020-09-29
10,264.0,550.0,189.0,day,payOrdCnt,2020-09-30
11,278.0,793.0,366.0,day,payOrdCnt,2020-10-01
12,237.0,613.0,292.0,day,payOrdCnt,2020-10-02
13,225.0,889.0,358.0,day,payOrdCnt,2020-10-03
14,220.0,825.0,305.0,day,payOrdCnt,2020-10-04
15,210.0,643.0,316.0,day,payOrdCnt,2020-10-05
16,211.0,810.0,287.0,day,payOrdCnt,2020-10-06
17,235.0,816.0,317.0,day,payOrdCnt,2020-10-07
18,257.0,552.0,261.0,day,payOrdCnt,2020-10-08
19,208.0,662.0,259.0,day,payOrdCnt,2020-10-09
20,244.0,699.0,236.0,day,payOrdCnt,2020-10-10
21,263.0,584.0,278.0,day,payOrdCnt,2020-10-11
22,243.0,457.0,335.0,day,payOrdCnt,2020-10-12
23,236.0,1148.0,274.0,day,payOrdCnt,2020-10-13
24,196.0,869.0,267.0,day,payOrdCnt,2020-10-14
25,232.0,1236.0,307.0,day,payOrdCnt,2020-10-15
26,249.0,1040.0,294.0,day,payOrdCnt,2020-10-16
27,201.0,1007.0,253.0,day,payOrdCnt,2020-10-17
28,244.0,672.0,257.0,day,payOrdCnt,2020-10-18
29,287.0,1352.0,323.0,day,payOrdCnt,2020-10-19
0,675.0,1588.0,295.0,day,payItmCnt,2020-09-20
1,641.0,2776.0,237.0,day,payItmCnt,2020-09-21
2,1270.0,2914.0,689.0,day,payItmCnt,2020-09-22
3,1204.0,2151.0,506.0,day,payItmCnt,2020-09-23
4,1227.0,2699.0,394.0,day,payItmCnt,2020-09-24
5,775.0,2140.0,451.0,day,payItmCnt,2020-09-25
6,785.0,1901.0,294.0,day,payItmCnt,2020-09-26
7,601.0,1565.0,432.0,day,payItmCnt,2020-09-27
8,785.0,1433.0,458.0,day,payItmCnt,2020-09-28
9,627.0,1154.0,418.0,day,payItmCnt,2020-09-29
10,459.0,837.0,214.0,day,payItmCnt,2020-09-30
11,404.0,1027.0,420.0,day,payItmCnt,2020-10-01
12,325.0,751.0,335.0,day,payItmCnt,2020-10-02
13,359.0,1397.0,411.0,day,payItmCnt,2020-10-03
14,337.0,976.0,363.0,day,payItmCnt,2020-10-04
15,336.0,1155.0,365.0,day,payItmCnt,2020-10-05
16,276.0,970.0,339.0,day,payItmCnt,2020-10-06
17,294.0,885.0,375.0,day,payItmCnt,2020-10-07
18,311.0,624.0,315.0,day,payItmCnt,2020-10-08
19,284.0,990.0,290.0,day,payItmCnt,2020-10-09
20,336.0,918.0,282.0,day,payItmCnt,2020-10-10
21,350.0,1146.0,320.0,day,payItmCnt,2020-10-11
22,279.0,795.0,378.0,day,payItmCnt,2020-10-12
23,352.0,1675.0,308.0,day,payItmCnt,2020-10-13
24,234.0,958.0,306.0,day,payItmCnt,2020-10-14
25,306.0,1380.0,328.0,day,payItmCnt,2020-10-15
26,365.0,1137.0,336.0,day,payItmCnt,2020-10-16
27,324.0,1749.0,288.0,day,payItmCnt,2020-10-17
28,299.0,937.0,295.0,day,payItmCnt,2020-10-18
29,428.0,1597.0,352.0,day,payItmCnt,2020-10-19
0,1124.0,3746.0,874.0,day,cartByrCnt,2020-09-20
1,1421.0,3380.0,851.0,day,cartByrCnt,2020-09-21
2,1403.0,3230.0,948.0,day,cartByrCnt,2020-09-22
3,1147.0,3024.0,828.0,day,cartByrCnt,2020-09-23
4,1170.0,3106.0,803.0,day,cartByrCnt,2020-09-24
5,927.0,1892.0,734.0,day,cartByrCnt,2020-09-25
6,969.0,2345.0,747.0,day,cartByrCnt,2020-09-26
7,828.0,2588.0,812.0,day,cartByrCnt,2020-09-27
8,740.0,2473.0,718.0,day,cartByrCnt,2020-09-28
9,653.0,2068.0,840.0,day,cartByrCnt,2020-09-29
10,596.0,1496.0,520.0,day,cartByrCnt,2020-09-30
11,671.0,1688.0,688.0,day,cartByrCnt,2020-10-01
12,609.0,1749.0,697.0,day,cartByrCnt,2020-10-02
13,585.0,1971.0,835.0,day,cartByrCnt,2020-10-03
14,605.0,1869.0,830.0,day,cartByrCnt,2020-10-04
15,570.0,1787.0,806.0,day,cartByrCnt,2020-10-05
16,578.0,1874.0,858.0,day,cartByrCnt,2020-10-06
17,607.0,1792.0,820.0,day,cartByrCnt,2020-10-07
18,594.0,1754.0,720.0,day,cartByrCnt,2020-10-08
19,527.0,1519.0,763.0,day,cartByrCnt,2020-10-09
20,536.0,1454.0,712.0,day,cartByrCnt,2020-10-10
21,573.0,1728.0,799.0,day,cartByrCnt,2020-10-11
22,517.0,1436.0,779.0,day,cartByrCnt,2020-10-12
23,531.0,1586.0,824.0,day,cartByrCnt,2020-10-13
24,568.0,2453.0,773.0,day,cartByrCnt,2020-10-14
25,659.0,2023.0,820.0,day,cartByrCnt,2020-10-15
26,653.0,1889.0,673.0,day,cartByrCnt,2020-10-16
27,668.0,1920.0,665.0,day,cartByrCnt,2020-10-17
28,786.0,1979.0,809.0,day,cartByrCnt,2020-10-18
29,834.0,2244.0,828.0,day,cartByrCnt,2020-10-19
0,2040.0,5541.0,1269.0,day,cartCnt,2020-09-20
1,2718.0,5475.0,1271.0,day,cartCnt,2020-09-21
2,2616.0,5018.0,1378.0,day,cartCnt,2020-09-22
3,2155.0,4995.0,1244.0,day,cartCnt,2020-09-23
4,1894.0,5505.0,1193.0,day,cartCnt,2020-09-24
5,1700.0,3359.0,1072.0,day,cartCnt,2020-09-25
6,1576.0,3624.0,1095.0,day,cartCnt,2020-09-26
7,1493.0,4184.0,1467.0,day,cartCnt,2020-09-27
8,1223.0,4253.0,1005.0,day,cartCnt,2020-09-28
9,1167.0,3714.0,1220.0,day,cartCnt,2020-09-29
10,1018.0,3809.0,766.0,day,cartCnt,2020-09-30
11,1066.0,2782.0,1032.0,day,cartCnt,2020-10-01
12,1002.0,2697.0,1000.0,day,cartCnt,2020-10-02
13,1057.0,2713.0,1217.0,day,cartCnt,2020-10-03
14,999.0,3147.0,1700.0,day,cartCnt,2020-10-04
15,1083.0,3136.0,1201.0,day,cartCnt,2020-10-05
16,1064.0,2939.0,1233.0,day,cartCnt,2020-10-06
17,1108.0,3228.0,1199.0,day,cartCnt,2020-10-07
18,1046.0,2916.0,1080.0,day,cartCnt,2020-10-08
19,1014.0,2659.0,1062.0,day,cartCnt,2020-10-09
20,982.0,2569.0,972.0,day,cartCnt,2020-10-10
21,1124.0,2796.0,1121.0,day,cartCnt,2020-10-11
22,1090.0,2718.0,1120.0,day,cartCnt,2020-10-12
23,1102.0,3075.0,1116.0,day,cartCnt,2020-10-13
24,1041.0,4046.0,1044.0,day,cartCnt,2020-10-14
25,1126.0,3223.0,1212.0,day,cartCnt,2020-10-15
26,1118.0,3222.0,1100.0,day,cartCnt,2020-10-16
27,1204.0,4052.0,964.0,day,cartCnt,2020-10-17
28,1364.0,3571.0,1078.0,day,cartCnt,2020-10-18
29,1508.0,6579.0,1083.0,day,cartCnt,2020-10-19
0,444.0,959.0,443.0,day,cltItmCnt,2020-09-20
1,427.0,869.0,375.0,day,cltItmCnt,2020-09-21
2,444.0,782.0,385.0,day,cltItmCnt,2020-09-22
3,398.0,813.0,381.0,day,cltItmCnt,2020-09-23
4,389.0,885.0,381.0,day,cltItmCnt,2020-09-24
5,355.0,620.0,348.0,day,cltItmCnt,2020-09-25
6,357.0,631.0,351.0,day,cltItmCnt,2020-09-26
7,341.0,644.0,413.0,day,cltItmCnt,2020-09-27
8,237.0,624.0,362.0,day,cltItmCnt,2020-09-28
9,240.0,501.0,444.0,day,cltItmCnt,2020-09-29
10,192.0,427.0,271.0,day,cltItmCnt,2020-09-30
11,251.0,458.0,289.0,day,cltItmCnt,2020-10-01
12,246.0,462.0,333.0,day,cltItmCnt,2020-10-02
13,249.0,488.0,358.0,day,cltItmCnt,2020-10-03
14,255.0,581.0,396.0,day,cltItmCnt,2020-10-04
15,227.0,438.0,369.0,day,cltItmCnt,2020-10-05
16,269.0,456.0,413.0,day,cltItmCnt,2020-10-06
17,235.0,443.0,396.0,day,cltItmCnt,2020-10-07
18,230.0,493.0,419.0,day,cltItmCnt,2020-10-08
19,219.0,458.0,367.0,day,cltItmCnt,2020-10-09
20,230.0,763.0,379.0,day,cltItmCnt,2020-10-10
21,261.0,720.0,399.0,day,cltItmCnt,2020-10-11
22,236.0,571.0,389.0,day,cltItmCnt,2020-10-12
23,235.0,910.0,411.0,day,cltItmCnt,2020-10-13
24,235.0,1046.0,416.0,day,cltItmCnt,2020-10-14
25,250.0,1053.0,383.0,day,cltItmCnt,2020-10-15
26,264.0,973.0,355.0,day,cltItmCnt,2020-10-16
27,269.0,751.0,376.0,day,cltItmCnt,2020-10-17
28,326.0,730.0,438.0,day,cltItmCnt,2020-10-18
29,370.0,1013.0,400.0,day,cltItmCnt,2020-10-19
0,189634.0,361720.0,60619.0,day,pv,2020-09-20
1,167404.0,326130.0,64261.0,day,pv,2020-09-21
2,181911.0,341757.0,66443.0,day,pv,2020-09-22
3,196231.0,316502.0,64961.0,day,pv,2020-09-23
4,185534.0,336440.0,64508.0,day,pv,2020-09-24
5,147133.0,336391.0,67561.0,day,pv,2020-09-25
6,162286.0,367656.0,63386.0,day,pv,2020-09-26
7,162513.0,290877.0,69260.0,day,pv,2020-09-27
8,129501.0,265361.0,64853.0,day,pv,2020-09-28
9,121617.0,252441.0,69914.0,day,pv,2020-09-29
10,96666.0,227292.0,46996.0,day,pv,2020-09-30
11,121643.0,254047.0,52337.0,day,pv,2020-10-01
12,104571.0,219493.0,51726.0,day,pv,2020-10-02
13,106883.0,191747.0,54990.0,day,pv,2020-10-03
14,105083.0,202126.0,53455.0,day,pv,2020-10-04
15,101802.0,193864.0,55104.0,day,pv,2020-10-05
16,93783.0,174931.0,59319.0,day,pv,2020-10-06
17,94871.0,174469.0,61232.0,day,pv,2020-10-07
18,85850.0,175366.0,59952.0,day,pv,2020-10-08
19,82326.0,162971.0,57614.0,day,pv,2020-10-09
20,86964.0,215837.0,62630.0,day,pv,2020-10-10
21,97147.0,223501.0,62087.0,day,pv,2020-10-11
22,95941.0,215717.0,56841.0,day,pv,2020-10-12
23,101306.0,235679.0,64274.0,day,pv,2020-10-13
24,100436.0,255982.0,62834.0,day,pv,2020-10-14
25,110858.0,275945.0,60958.0,day,pv,2020-10-15
26,120216.0,219790.0,56402.0,day,pv,2020-10-16
27,108113.0,215464.0,53852.0,day,pv,2020-10-17
28,116019.0,195198.0,59645.0,day,pv,2020-10-18
29,123825.0,256774.0,61735.0,day,pv,2020-10-19
0,119671.0,364523.6,105065.4,day,payAmt,2020-08-21
1,229927.2,505238.2,155372.68000000002,day,payAmt,2020-08-22
2,197001.2,363237.8,123325.01999999995,day,payAmt,2020-08-23
3,198249.2,463118.6,95090.88,day,payAmt,2020-08-24
4,142966.2,406098.6,138396.8,day,payAmt,2020-08-25
5,146866.6,403544.8,303034.12,day,payAmt,2020-08-26
6,126819.8,276241.0,213609.9,day,payAmt,2020-08-27
7,159778.2,424185.4,196844.69,day,payAmt,2020-08-28
8,157438.6,410050.4,153256.11,day,payAmt,2020-08-29
9,165730.0,378432.0,125116.49999999999,day,payAmt,2020-08-30
10,172897.0,470893.4,167427.80000000002,day,payAmt,2020-08-31
11,140481.2,339293.2,109613.79999999997,day,payAmt,2020-09-01
12,136456.2,322439.8,235621.64,day,payAmt,2020-09-02
13,197018.0,485331.6,150210.41,day,payAmt,2020-09-03
14,134505.2,305367.6,96595.29999999997,day,payAmt,2020-09-04
15,97190.2,318891.4,99133.25,day,payAmt,2020-09-05
16,94636.4,380735.6,90650.58999999997,day,payAmt,2020-09-06
17,68692.6,211732.8,195170.59999999998,day,payAmt,2020-09-07
18,107675.2,376696.0,50785.2,day,payAmt,2020-09-08
19,3122169.2,5693170.4,1763357.010000001,day,payAmt,2020-09-09
20,890175.0,1704507.0,395673.29000000027,day,payAmt,2020-09-10
21,1046604.0,2259350.2,313444.51999999996,day,payAmt,2020-09-11
22,176276.8,821263.4,255644.73000000004,day,payAmt,2020-09-12
23,232407.2,1018754.4,141927.27999999997,day,payAmt,2020-09-13
24,155791.0,970408.0,187447.00000000003,day,payAmt,2020-09-14
25,116759.0,343773.0,117207.13,day,payAmt,2020-09-15
26,577170.0,1600845.8,285338.8700000001,day,payAmt,2020-09-16
27,405688.4,1917450.4,228875.28999999995,day,payAmt,2020-09-17
28,403462.8,1026464.8,204576.80999999997,day,payAmt,2020-09-18
29,433824.0,1234495.0,361469.56,day,payAmt,2020-09-19
0,29106.0,144521.0,21198.0,day,uv,2020-08-21
1,30475.0,113279.0,17851.0,day,uv,2020-08-22
2,31693.0,133805.0,17022.0,day,uv,2020-08-23
3,31895.0,133759.0,16712.0,day,uv,2020-08-24
4,42455.0,150993.0,15653.0,day,uv,2020-08-25
5,34694.0,75086.0,16484.0,day,uv,2020-08-26
6,32421.0,90674.0,16355.0,day,uv,2020-08-27
7,31386.0,69199.0,15281.0,day,uv,2020-08-28
8,33608.0,73690.0,16633.0,day,uv,2020-08-29
9,35493.0,128081.0,17214.0,day,uv,2020-08-30
10,39154.0,102838.0,17906.0,day,uv,2020-08-31
11,33943.0,74099.0,17025.0,day,uv,2020-09-01
12,31180.0,87548.0,17541.0,day,uv,2020-09-02
13,35908.0,107039.0,19498.0,day,uv,2020-09-03
14,37158.0,110830.0,18896.0,day,uv,2020-09-04
15,37742.0,133316.0,20652.0,day,uv,2020-09-05
16,35580.0,147153.0,19596.0,day,uv,2020-09-06
17,38348.0,211789.0,18631.0,day,uv,2020-09-07
18,54067.0,268209.0,19349.0,day,uv,2020-09-08
19,90104.0,222196.0,23152.0,day,uv,2020-09-09
20,50764.0,157173.0,19300.0,day,uv,2020-09-10
21,55308.0,157886.0,17651.0,day,uv,2020-09-11
22,37477.0,101526.0,17182.0,day,uv,2020-09-12
23,40831.0,109227.0,17439.0,day,uv,2020-09-13
24,43132.0,82618.0,16426.0,day,uv,2020-09-14
25,41258.0,73399.0,15496.0,day,uv,2020-09-15
26,47309.0,89464.0,16556.0,day,uv,2020-09-16
27,49616.0,127310.0,18021.0,day,uv,2020-09-17
28,47672.0,97318.0,16488.0,day,uv,2020-09-18
29,49934.0,111655.0,14852.0,day,uv,2020-09-19
0,0.0084,0.0327,0.006793093688083782,day,payRate,2020-08-21
1,0.017,0.0656,0.017365973895019888,day,payRate,2020-08-22
2,0.0143,0.0582,0.015920573375631537,day,payRate,2020-08-23
3,0.0163,0.0561,0.016275730014360938,day,payRate,2020-08-24
4,0.0104,0.0463,0.014246470325177282,day,payRate,2020-08-25
5,0.0121,0.0498,0.01971608832807571,day,payRate,2020-08-26
6,0.0089,0.0409,0.016630999694283093,day,payRate,2020-08-27
7,0.0136,0.0737,0.016687389568745502,day,payRate,2020-08-28
8,0.0122,0.058,0.013948175314134552,day,payRate,2020-08-29
9,0.0125,0.0638,0.013245033112582781,day,payRate,2020-08-30
10,0.0145,0.0607,0.014352730928180499,day,payRate,2020-08-31
11,0.015,0.0504,0.01580029368575624,day,payRate,2020-09-01
12,0.0134,0.0441,0.01601961119662505,day,payRate,2020-09-02
13,0.0169,0.0466,0.0118986562724382,day,payRate,2020-09-03
14,0.0082,0.0426,0.01121930567315834,day,payRate,2020-09-04
15,0.0082,0.0239,0.008619019949641682,day,payRate,2020-09-05
16,0.0083,0.0183,0.010869565217391304,day,payRate,2020-09-06
17,0.0034,0.0193,0.0033814610058504643,day,payRate,2020-09-07
18,0.0045,0.0116,0.00335934673626544,day,payRate,2020-09-08
19,0.0577,0.1487,0.05260884588804423,day,payRate,2020-09-09
20,0.0234,0.1046,0.023367875647668394,day,payRate,2020-09-10
21,0.0289,0.0756,0.024644496062546033,day,payRate,2020-09-11
22,0.0117,0.0296,0.016179722965894542,day,payRate,2020-09-12
23,0.0116,0.0445,0.01731750673777166,day,payRate,2020-09-13
24,0.0086,0.0379,0.015767685376841593,day,payRate,2020-09-14
25,0.0057,0.0241,0.011874032008260196,day,payRate,2020-09-15
26,0.025,0.0616,0.024402029475718772,day,payRate,2020-09-16
27,0.0162,0.0582,0.01725764385994118,day,payRate,2020-09-17
28,0.018,0.0491,0.014434740417273169,day,payRate,2020-09-18
29,0.0183,0.0619,0.01932399676811204,day,payRate,2020-09-19
0,641.2,1855.2,729.6208333333333,day,payPct,2020-08-21
1,568.8,1355.6,501.2021935483872,day,payPct,2020-08-22
2,609.2,1714.4,455.0738745387452,day,payPct,2020-08-23
3,733.8,1517.6,349.5988235294118,day,payPct,2020-08-24
4,759.6,2405.4,620.6134529147981,day,payPct,2020-08-25
5,827.0,2083.8,932.4126769230769,day,payPct,2020-08-26
6,836.6,1922.0,785.3305147058824,day,payPct,2020-08-27
7,729.8,2008.4,771.9399607843137,day,payPct,2020-08-28
8,1035.6,2577.6,660.5866810344827,day,payPct,2020-08-29
9,687.0,2129.5,548.7565789473683,day,payPct,2020-08-30
10,828.6,1963.8,651.4700389105059,day,payPct,2020-08-31
11,697.8,2534.6,407.48624535315975,day,payPct,2020-09-01
12,741.6,2071.2,838.5111743772243,day,payPct,2020-09-02
13,910.2,2464.4,647.4586637931035,day,payPct,2020-09-03
14,723.6,1587.0,455.6382075471697,day,payPct,2020-09-04
15,577.6,2054.4,556.9283707865169,day,payPct,2020-09-05
16,652.6,2005.6,425.5896244131454,day,payPct,2020-09-06
17,749.8,3583.6,3097.946031746031,day,payPct,2020-09-07
18,867.4,2937.0,781.3107692307692,day,payPct,2020-09-08
19,1326.8,3395.8,1447.7479556650253,day,payPct,2020-09-09
20,1194.0,2650.0,877.324368070954,day,payPct,2020-09-10
21,1284.2,3064.8,720.5621149425286,day,payPct,2020-09-11
22,913.8,1886.2,919.5853597122303,day,payPct,2020-09-12
23,964.4,2300.8,469.9578807947019,day,payPct,2020-09-13
24,944.6,2374.2,723.7335907335909,day,payPct,2020-09-14
25,891.4,2155.2,636.9952717391304,day,payPct,2020-09-15
26,1057.6,2955.6,706.2843316831686,day,payPct,2020-09-16
27,1117.6,3642.9,735.9334083601285,day,payPct,2020-09-17
28,1027.4,2831.7,859.5664285714284,day,payPct,2020-09-18
29,994.2,2572.8,1259.475818815331,day,payPct,2020-09-19
0,20056.2,111918.2,18996.0,day,rfdSucAmt,2020-08-21
1,35498.6,62120.6,8259.99,day,rfdSucAmt,2020-08-22
2,30552.6,76421.4,11142.47,day,rfdSucAmt,2020-08-23
3,26772.6,107628.8,17321.63,day,rfdSucAmt,2020-08-24
4,22626.2,95320.2,11820.49,day,rfdSucAmt,2020-08-25
5,19070.6,174737.2,7826.98,day,rfdSucAmt,2020-08-26
6,19800.8,96462.4,11454.2,day,rfdSucAmt,2020-08-27
7,20835.4,49637.6,19369.83,day,rfdSucAmt,2020-08-28
8,25155.2,49634.2,10046.6,day,rfdSucAmt,2020-08-29
9,18626.2,36331.4,10263.2,day,rfdSucAmt,2020-08-30
10,24075.2,82290.8,18916.0,day,rfdSucAmt,2020-08-31
11,20825.8,154592.4,8507.16,day,rfdSucAmt,2020-09-01
12,15946.0,76690.4,9158.2,day,rfdSucAmt,2020-09-02
13,17538.6,69132.8,19497.0,day,rfdSucAmt,2020-09-03
14,26812.0,58483.0,11673.91,day,rfdSucAmt,2020-09-04
15,11509.4,80155.6,5994.53,day,rfdSucAmt,2020-09-05
16,11767.0,46872.6,18522.0,day,rfdSucAmt,2020-09-06
17,10492.8,28350.0,4420.82,day,rfdSucAmt,2020-09-07
18,10303.0,64724.5,4347.6,day,rfdSucAmt,2020-09-08
19,202249.6,631958.0,178861.6,day,rfdSucAmt,2020-09-09
20,92358.6,257395.4,22974.28,day,rfdSucAmt,2020-09-10
21,109420.6,246849.8,142203.09,day,rfdSucAmt,2020-09-11
22,35717.0,190230.0,81985.29,day,rfdSucAmt,2020-09-12
23,38044.8,156046.4,17737.64,day,rfdSucAmt,2020-09-13
24,30005.6,129439.6,35829.54,day,rfdSucAmt,2020-09-14
25,23254.0,168156.5,16787.0,day,rfdSucAmt,2020-09-15
26,72285.8,195942.4,12343.69,day,rfdSucAmt,2020-09-16
27,48167.0,190550.4,14655.32,day,rfdSucAmt,2020-09-17
28,48745.4,187569.6,13567.51,day,rfdSucAmt,2020-09-18
29,55092.2,122784.4,4760.36,day,rfdSucAmt,2020-09-19
0,4254.0,10564.0,3280.209999999998,day,p4pExpendAmt,2020-08-21
1,3945.0,7184.0,1951.820000000001,day,p4pExpendAmt,2020-08-22
2,4121.0,7456.0,1716.9200000000003,day,p4pExpendAmt,2020-08-23
3,4067.0,6781.0,1917.4100000000008,day,p4pExpendAmt,2020-08-24
4,3922.2,6566.3,2226.6399999999985,day,p4pExpendAmt,2020-08-25
5,2639.0,5713.0,2552.6400000000012,day,p4pExpendAmt,2020-08-26
6,2788.8,7265.2,2707.6799999999994,day,p4pExpendAmt,2020-08-27
7,3248.8,9433.0,2130.9900000000007,day,p4pExpendAmt,2020-08-28
8,4331.0,11409.0,2238.8700000000003,day,p4pExpendAmt,2020-08-29
9,4276.2,12021.9,2682.9900000000007,day,p4pExpendAmt,2020-08-30
10,4130.0,12377.0,2685.3500000000004,day,p4pExpendAmt,2020-08-31
11,4052.8,12971.0,2496.6799999999994,day,p4pExpendAmt,2020-09-01
12,3672.0,13260.1,3052.01,day,p4pExpendAmt,2020-09-02
13,3905.8,14432.8,3284.9099999999985,day,p4pExpendAmt,2020-09-03
14,3399.6,14743.0,3221.5899999999992,day,p4pExpendAmt,2020-09-04
15,4037.0,16338.6,3233.860000000002,day,p4pExpendAmt,2020-09-05
16,3949.6,18292.4,2294.12,day,p4pExpendAmt,2020-09-06
17,3801.8,18452.6,3203.899999999999,day,p4pExpendAmt,2020-09-07
18,7038.0,25398.1,3517.8400000000033,day,p4pExpendAmt,2020-09-08
19,9144.0,31029.8,4084.049999999999,day,p4pExpendAmt,2020-09-09
20,9622.0,18398.9,4084.200000000003,day,p4pExpendAmt,2020-09-10
21,8837.0,18187.3,3920.6299999999987,day,p4pExpendAmt,2020-09-11
22,4230.4,13638.4,4135.960000000001,day,p4pExpendAmt,2020-09-12
23,5548.0,13402.3,3751.8099999999995,day,p4pExpendAmt,2020-09-13
24,6070.6,12692.0,3475.949999999998,day,p4pExpendAmt,2020-09-14
25,6676.6,11494.2,3320.3,day,p4pExpendAmt,2020-09-15
26,6825.0,11073.9,2746.0400000000013,day,p4pExpendAmt,2020-09-16
27,6111.8,11656.2,3071.0199999999913,day,p4pExpendAmt,2020-09-17
28,5849.6,11828.5,2922.470000000002,day,p4pExpendAmt,2020-09-18
29,8341.8,13017.7,3369.9600000000023,day,p4pExpendAmt,2020-09-19
0,2006.4,4468.6,90.26,day,feedCharge,2020-08-21
1,1171.4,3230.0,80.9,day,feedCharge,2020-08-22
2,1084.0,3276.2,78.99000000000001,day,feedCharge,2020-08-23
3,966.0,3133.2,88.14999999999999,day,feedCharge,2020-08-24
4,1024.4,3263.9,87.03999999999998,day,feedCharge,2020-08-25
5,1275.6,2394.8,101.1,day,feedCharge,2020-08-26
6,1463.4,6873.8,113.74999999999997,day,feedCharge,2020-08-27
7,1318.8,5618.2,90.72999999999998,day,feedCharge,2020-08-28
8,1824.0,3889.0,83.66999999999999,day,feedCharge,2020-08-29
9,2203.0,4671.0,90.71999999999997,day,feedCharge,2020-08-30
10,1843.6,4672.4,97.44999999999999,day,feedCharge,2020-08-31
11,2083.0,6050.0,72.85000000000001,day,feedCharge,2020-09-01
12,2295.0,7507.0,75.06,day,feedCharge,2020-09-02
13,2230.8,8378.0,52.72,day,feedCharge,2020-09-03
14,2396.4,7694.2,47.36,day,feedCharge,2020-09-04
15,1937.0,6470.5,28.4,day,feedCharge,2020-09-05
16,2427.2,9883.6,53.82999999999999,day,feedCharge,2020-09-06
17,2546.8,8379.3,50.62,day,feedCharge,2020-09-07
18,4707.2,10462.3,46.269999999999996,day,feedCharge,2020-09-08
19,7190.2,11788.6,73.17999999999999,day,feedCharge,2020-09-09
20,6045.8,9289.0,42.04999999999999,day,feedCharge,2020-09-10
21,5304.0,9573.7,60.49,day,feedCharge,2020-09-11
22,2835.2,5030.2,59.31000000000002,day,feedCharge,2020-09-12
23,2552.6,4510.8,58.290000000000006,day,feedCharge,2020-09-13
24,2831.6,5777.4,75.36000000000001,day,feedCharge,2020-09-14
25,2724.0,6620.5,68.61000000000001,day,feedCharge,2020-09-15
26,2959.6,6568.2,98.41999999999999,day,feedCharge,2020-09-16
27,3066.8,6351.8,238.68,day,feedCharge,2020-09-17
28,2946.2,6297.8,182.75999999999996,day,feedCharge,2020-09-18
29,3154.4,8975.0,194.20000000000005,day,feedCharge,2020-09-19
0,1876.4,2971.9,567.9569799999996,day,zzExpendAmt,2020-08-21
1,1240.2,2920.3,0.23667,day,zzExpendAmt,2020-08-22
2,2252.0,3424.8,0.0,day,zzExpendAmt,2020-08-23
3,1907.4,3268.2,0.0,day,zzExpendAmt,2020-08-24
4,2156.0,2873.0,0.0,day,zzExpendAmt,2020-08-25
5,2190.0,3210.0,0.0,day,zzExpendAmt,2020-08-26
6,2728.0,4276.0,0.0,day,zzExpendAmt,2020-08-27
7,1987.0,5660.0,0.0,day,zzExpendAmt,2020-08-28
8,1938.0,6184.0,0.0,day,zzExpendAmt,2020-08-29
9,1962.0,6588.0,0.0,day,zzExpendAmt,2020-08-30
10,1909.0,5406.0,0.0,day,zzExpendAmt,2020-08-31
11,2752.0,9782.5,0.0,day,zzExpendAmt,2020-09-01
12,2975.4,10786.6,0.0,day,zzExpendAmt,2020-09-02
13,3285.0,12180.0,0.0,day,zzExpendAmt,2020-09-03
14,4040.8,11106.2,0.0,day,zzExpendAmt,2020-09-04
15,4931.0,16396.7,0.0,day,zzExpendAmt,2020-09-05
16,4922.0,18361.5,0.0,day,zzExpendAmt,2020-09-06
17,3417.0,15165.0,387.52191000000005,day,zzExpendAmt,2020-09-07
18,8485.0,27741.0,2103.4231800000002,day,zzExpendAmt,2020-09-08
19,10032.2,21820.9,2313.040539999998,day,zzExpendAmt,2020-09-09
20,7056.0,12815.0,2110.645340000001,day,zzExpendAmt,2020-09-10
21,6798.0,13121.0,838.5973800000011,day,zzExpendAmt,2020-09-11
22,2098.2,16091.2,4.37866,day,zzExpendAmt,2020-09-12
23,2470.6,15756.0,0.0,day,zzExpendAmt,2020-09-13
24,2326.6,9274.4,0.0,day,zzExpendAmt,2020-09-14
25,2399.2,10685.1,0.0,day,zzExpendAmt,2020-09-15
26,3942.0,10832.6,0.0,day,zzExpendAmt,2020-09-16
27,3124.0,10002.0,0.0,day,zzExpendAmt,2020-09-17
28,2567.4,9461.0,0.0,day,zzExpendAmt,2020-09-18
29,2804.8,8712.8,0.0,day,zzExpendAmt,2020-09-19
0,3473.0,35822.0,238.13000000000002,day,tkExpendAmt,2020-08-21
1,3499.0,17608.5,66.92999999999999,day,tkExpendAmt,2020-08-22
2,3261.0,25256.0,227.92,day,tkExpendAmt,2020-08-23
3,4062.0,86260.5,296.3899999999999,day,tkExpendAmt,2020-08-24
4,3861.8,32057.0,76.86999999999999,day,tkExpendAmt,2020-08-25
5,2435.2,21699.2,647.88,day,tkExpendAmt,2020-08-26
6,3751.2,26502.4,536.4200000000001,day,tkExpendAmt,2020-08-27
7,4598.8,60590.6,1120.83,day,tkExpendAmt,2020-08-28
8,4336.0,44679.0,184.96,day,tkExpendAmt,2020-08-29
9,3053.0,39444.5,383.78000000000003,day,tkExpendAmt,2020-08-30
10,3272.0,14998.0,147.89,day,tkExpendAmt,2020-08-31
11,2859.0,13792.0,103.33999999999999,day,tkExpendAmt,2020-09-01
12,3841.0,14050.0,703.72,day,tkExpendAmt,2020-09-02
13,2716.0,12149.0,189.82999999999998,day,tkExpendAmt,2020-09-03
14,2761.8,15124.8,620.95,day,tkExpendAmt,2020-09-04
15,2026.8,17631.6,344.18000000000006,day,tkExpendAmt,2020-09-05
16,1534.8,15732.6,110.32000000000001,day,tkExpendAmt,2020-09-06
17,2040.6,12412.8,112.96,day,tkExpendAmt,2020-09-07
18,2066.4,8893.2,415.61,day,tkExpendAmt,2020-09-08
19,1234.0,9117.5,247.4,day,tkExpendAmt,2020-09-09
20,2141.0,11163.5,379.06000000000006,day,tkExpendAmt,2020-09-10
21,1638.0,18075.5,462.96000000000004,day,tkExpendAmt,2020-09-11
22,3275.0,19423.0,878.85,day,tkExpendAmt,2020-09-12
23,3128.0,25448.8,739.1499999999999,day,tkExpendAmt,2020-09-13
24,2702.0,31005.8,613.8800000000001,day,tkExpendAmt,2020-09-14
25,2116.4,24723.8,434.05000000000007,day,tkExpendAmt,2020-09-15
26,1943.4,16043.4,762.26,day,tkExpendAmt,2020-09-16
27,1483.6,16736.2,642.38,day,tkExpendAmt,2020-09-17
28,2326.4,13525.4,149.88,day,tkExpendAmt,2020-09-18
29,10499.6,80106.0,578.06,day,tkExpendAmt,2020-09-19
0,251.0,2094.0,144.0,day,payByrCnt,2020-08-21
1,540.0,2090.0,310.0,day,payByrCnt,2020-08-22
2,425.0,1842.0,271.0,day,payByrCnt,2020-08-23
3,413.0,1933.0,272.0,day,payByrCnt,2020-08-24
4,317.0,1613.0,223.0,day,payByrCnt,2020-08-25
5,345.0,959.0,325.0,day,payByrCnt,2020-08-26
6,277.0,943.0,272.0,day,payByrCnt,2020-08-27
7,386.0,1927.0,255.0,day,payByrCnt,2020-08-28
8,384.0,1462.0,232.0,day,payByrCnt,2020-08-29
9,355.0,1593.0,228.0,day,payByrCnt,2020-08-30
10,393.0,2319.0,257.0,day,payByrCnt,2020-08-31
11,376.0,1256.0,269.0,day,payByrCnt,2020-09-01
12,302.0,1023.0,281.0,day,payByrCnt,2020-09-02
13,357.0,2227.0,232.0,day,payByrCnt,2020-09-03
14,296.0,1311.0,212.0,day,payByrCnt,2020-09-04
15,340.0,867.0,178.0,day,payByrCnt,2020-09-05
16,305.0,757.0,213.0,day,payByrCnt,2020-09-06
17,131.0,692.0,63.0,day,payByrCnt,2020-09-07
18,209.0,642.0,65.0,day,payByrCnt,2020-09-08
19,2650.0,13281.0,1218.0,day,payByrCnt,2020-09-09
20,1043.0,3839.0,451.0,day,payByrCnt,2020-09-10
21,1212.0,5097.0,435.0,day,payByrCnt,2020-09-11
22,262.0,852.0,278.0,day,payByrCnt,2020-09-12
23,385.0,726.0,302.0,day,payByrCnt,2020-09-13
24,223.0,715.0,259.0,day,payByrCnt,2020-09-14
25,184.0,460.0,184.0,day,payByrCnt,2020-09-15
26,708.0,2076.0,404.0,day,payByrCnt,2020-09-16
27,580.0,2220.0,311.0,day,payByrCnt,2020-09-17
28,633.0,1452.0,238.0,day,payByrCnt,2020-09-18
29,567.0,1717.0,287.0,day,payByrCnt,2020-09-19
0,74.0,342.0,37.0,day,payOldByrCnt,2020-08-21
1,118.0,539.0,59.0,day,payOldByrCnt,2020-08-22
2,96.0,508.0,46.0,day,payOldByrCnt,2020-08-23
3,110.0,521.0,61.0,day,payOldByrCnt,2020-08-24
4,70.0,412.0,46.0,day,payOldByrCnt,2020-08-25
5,75.0,374.0,96.0,day,payOldByrCnt,2020-08-26
6,63.0,304.0,57.0,day,payOldByrCnt,2020-08-27
7,106.0,503.0,52.0,day,payOldByrCnt,2020-08-28
8,77.0,397.0,56.0,day,payOldByrCnt,2020-08-29
9,80.0,462.0,45.0,day,payOldByrCnt,2020-08-30
10,94.0,456.0,44.0,day,payOldByrCnt,2020-08-31
11,95.0,375.0,58.0,day,payOldByrCnt,2020-09-01
12,82.0,306.0,65.0,day,payOldByrCnt,2020-09-02
13,91.0,476.0,40.0,day,payOldByrCnt,2020-09-03
14,83.0,350.0,35.0,day,payOldByrCnt,2020-09-04
15,102.0,273.0,32.0,day,payOldByrCnt,2020-09-05
16,81.0,202.0,28.0,day,payOldByrCnt,2020-09-06
17,23.0,158.0,21.0,day,payOldByrCnt,2020-09-07
18,76.0,152.0,17.0,day,payOldByrCnt,2020-09-08
19,915.0,5106.0,330.0,day,payOldByrCnt,2020-09-09
20,307.0,1469.0,91.0,day,payOldByrCnt,2020-09-10
21,282.0,1822.0,84.0,day,payOldByrCnt,2020-09-11
22,83.0,207.0,54.0,day,payOldByrCnt,2020-09-12
23,55.0,142.0,54.0,day,payOldByrCnt,2020-09-13
24,55.0,180.0,48.0,day,payOldByrCnt,2020-09-14
25,52.0,141.0,29.0,day,payOldByrCnt,2020-09-15
26,241.0,561.0,69.0,day,payOldByrCnt,2020-09-16
27,165.0,672.0,58.0,day,payOldByrCnt,2020-09-17
28,153.0,452.0,51.0,day,payOldByrCnt,2020-09-18
29,136.0,376.0,62.0,day,payOldByrCnt,2020-09-19
0,37238.0,105185.0,26047.4,day,olderPayAmt,2020-08-21
1,76328.0,157352.5,61867.380000000005,day,olderPayAmt,2020-08-22
2,59708.0,128142.0,34529.11,day,olderPayAmt,2020-08-23
3,59711.6,130899.8,26752.389999999996,day,olderPayAmt,2020-08-24
4,45688.2,117917.2,45495.6,day,olderPayAmt,2020-08-25
5,53372.2,120534.0,127383.22,day,olderPayAmt,2020-08-26
6,39094.0,86059.5,80361.6,day,olderPayAmt,2020-08-27
7,59808.0,171254.0,71870.8,day,olderPayAmt,2020-08-28
8,45515.8,95275.2,71376.01,day,olderPayAmt,2020-08-29
9,53143.2,135928.2,40583.6,day,olderPayAmt,2020-08-30
10,46712.2,154666.8,40950.2,day,olderPayAmt,2020-08-31
11,36896.0,117142.0,33145.2,day,olderPayAmt,2020-09-01
12,40588.6,129241.0,108213.20999999999,day,olderPayAmt,2020-09-02
13,65466.0,146308.0,26014.809999999998,day,olderPayAmt,2020-09-03
14,34675.0,159248.0,34675.4,day,olderPayAmt,2020-09-04
15,32435.0,112579.5,49761.21,day,olderPayAmt,2020-09-05
16,32028.6,145644.0,14347.460000000001,day,olderPayAmt,2020-09-06
17,21494.0,88460.0,149743.8,day,olderPayAmt,2020-09-07
18,35647.0,149423.0,18492.2,day,olderPayAmt,2020-09-08
19,1240896.4,2137435.2,1232965.3000000003,day,olderPayAmt,2020-09-09
20,323150.0,581651.0,225069.53,day,olderPayAmt,2020-09-10
21,362263.0,865660.8,187202.93000000002,day,olderPayAmt,2020-09-11
22,60185.0,193606.4,190052.2,day,olderPayAmt,2020-09-12
23,51705.0,139955.0,35276.56,day,olderPayAmt,2020-09-13
24,38861.4,183835.6,97229.2,day,olderPayAmt,2020-09-14
25,27013.0,133792.0,38761.0,day,olderPayAmt,2020-09-15
26,159573.6,434564.0,90203.31999999999,day,olderPayAmt,2020-09-16
27,121399.6,473136.6,100222.74999999997,day,olderPayAmt,2020-09-17
28,119101.8,354833.9,122872.58,day,olderPayAmt,2020-09-18
29,111937.0,295444.9,130081.99999999999,day,olderPayAmt,2020-09-19
0,386.0,2572.0,167.0,day,payOrdCnt,2020-08-21
1,655.0,2440.0,377.0,day,payOrdCnt,2020-08-22
2,515.0,2432.0,324.0,day,payOrdCnt,2020-08-23
3,485.0,2523.0,324.0,day,payOrdCnt,2020-08-24
4,398.0,2091.0,254.0,day,payOrdCnt,2020-08-25
5,393.0,1089.0,389.0,day,payOrdCnt,2020-08-26
6,332.0,1109.0,311.0,day,payOrdCnt,2020-08-27
7,481.0,2352.0,296.0,day,payOrdCnt,2020-08-28
8,470.0,1787.0,275.0,day,payOrdCnt,2020-08-29
9,433.0,1904.0,271.0,day,payOrdCnt,2020-08-30
10,474.0,2854.0,297.0,day,payOrdCnt,2020-08-31
11,435.0,1499.0,315.0,day,payOrdCnt,2020-09-01
12,359.0,1162.0,329.0,day,payOrdCnt,2020-09-02
13,396.0,2715.0,278.0,day,payOrdCnt,2020-09-03
14,363.0,1451.0,246.0,day,payOrdCnt,2020-09-04
15,383.0,933.0,212.0,day,payOrdCnt,2020-09-05
16,351.0,810.0,251.0,day,payOrdCnt,2020-09-06
17,150.0,714.0,80.0,day,payOrdCnt,2020-09-07
18,253.0,856.0,71.0,day,payOrdCnt,2020-09-08
19,4077.0,16398.0,1689.0,day,payOrdCnt,2020-09-09
20,1382.0,4684.0,570.0,day,payOrdCnt,2020-09-10
21,1543.0,7007.0,526.0,day,payOrdCnt,2020-09-11
22,321.0,946.0,332.0,day,payOrdCnt,2020-09-12
23,479.0,887.0,357.0,day,payOrdCnt,2020-09-13
24,277.0,847.0,307.0,day,payOrdCnt,2020-09-14
25,224.0,594.0,215.0,day,payOrdCnt,2020-09-15
26,856.0,2671.0,477.0,day,payOrdCnt,2020-09-16
27,797.0,2941.0,358.0,day,payOrdCnt,2020-09-17
28,800.0,1860.0,289.0,day,payOrdCnt,2020-09-18
29,751.0,2236.0,344.0,day,payOrdCnt,2020-09-19
0,453.0,2979.0,208.0,day,payItmCnt,2020-08-21
1,806.0,2738.0,450.0,day,payItmCnt,2020-08-22
2,746.0,2545.0,373.0,day,payItmCnt,2020-08-23
3,729.0,2809.0,393.0,day,payItmCnt,2020-08-24
4,671.0,2447.0,312.0,day,payItmCnt,2020-08-25
5,537.0,1297.0,432.0,day,payItmCnt,2020-08-26
6,447.0,1224.0,365.0,day,payItmCnt,2020-08-27
7,596.0,2529.0,359.0,day,payItmCnt,2020-08-28
8,581.0,1948.0,306.0,day,payItmCnt,2020-08-29
9,557.0,2324.0,294.0,day,payItmCnt,2020-08-30
10,698.0,3976.0,329.0,day,payItmCnt,2020-08-31
11,616.0,1630.0,369.0,day,payItmCnt,2020-09-01
12,524.0,1294.0,379.0,day,payItmCnt,2020-09-02
13,632.0,3011.0,355.0,day,payItmCnt,2020-09-03
14,485.0,1848.0,274.0,day,payItmCnt,2020-09-04
15,550.0,969.0,252.0,day,payItmCnt,2020-09-05
16,506.0,1066.0,270.0,day,payItmCnt,2020-09-06
17,209.0,1772.0,103.0,day,payItmCnt,2020-09-07
18,268.0,2768.0,76.0,day,payItmCnt,2020-09-08
19,8449.0,22738.0,1915.0,day,payItmCnt,2020-09-09
20,1890.0,7339.0,660.0,day,payItmCnt,2020-09-10
21,2130.0,11259.0,607.0,day,payItmCnt,2020-09-11
22,450.0,1090.0,364.0,day,payItmCnt,2020-09-12
23,665.0,1103.0,398.0,day,payItmCnt,2020-09-13
24,397.0,2578.0,405.0,day,payItmCnt,2020-09-14
25,270.0,876.0,244.0,day,payItmCnt,2020-09-15
26,1691.0,4384.0,577.0,day,payItmCnt,2020-09-16
27,1025.0,3340.0,439.0,day,payItmCnt,2020-09-17
28,1041.0,2432.0,336.0,day,payItmCnt,2020-09-18
29,1230.0,2931.0,421.0,day,payItmCnt,2020-09-19
0,926.0,3434.0,800.0,day,cartByrCnt,2020-08-21
1,854.0,3629.0,821.0,day,cartByrCnt,2020-08-22
2,972.0,3621.0,744.0,day,cartByrCnt,2020-08-23
3,739.0,4174.0,750.0,day,cartByrCnt,2020-08-24
4,801.0,3707.0,672.0,day,cartByrCnt,2020-08-25
5,667.0,3377.0,774.0,day,cartByrCnt,2020-08-26
6,926.0,3132.0,746.0,day,cartByrCnt,2020-08-27
7,808.0,3375.0,685.0,day,cartByrCnt,2020-08-28
8,826.0,3696.0,751.0,day,cartByrCnt,2020-08-29
9,801.0,3711.0,836.0,day,cartByrCnt,2020-08-30
10,900.0,3441.0,763.0,day,cartByrCnt,2020-08-31
11,775.0,2704.0,746.0,day,cartByrCnt,2020-09-01
12,757.0,2685.0,759.0,day,cartByrCnt,2020-09-02
13,781.0,4731.0,791.0,day,cartByrCnt,2020-09-03
14,748.0,2654.0,721.0,day,cartByrCnt,2020-09-04
15,1420.0,3713.0,1835.0,day,cartByrCnt,2020-09-05
16,1472.0,4656.0,1911.0,day,cartByrCnt,2020-09-06
17,1651.0,4502.0,1756.0,day,cartByrCnt,2020-09-07
18,2345.0,9389.0,1405.0,day,cartByrCnt,2020-09-08
19,3688.0,12585.0,1797.0,day,cartByrCnt,2020-09-09
20,1758.0,6927.0,1027.0,day,cartByrCnt,2020-09-10
21,1440.0,6686.0,956.0,day,cartByrCnt,2020-09-11
22,808.0,2226.0,832.0,day,cartByrCnt,2020-09-12
23,916.0,2435.0,860.0,day,cartByrCnt,2020-09-13
24,1154.0,3127.0,874.0,day,cartByrCnt,2020-09-14
25,1067.0,3319.0,857.0,day,cartByrCnt,2020-09-15
26,1522.0,3927.0,834.0,day,cartByrCnt,2020-09-16
27,1298.0,3952.0,876.0,day,cartByrCnt,2020-09-17
28,1118.0,3262.0,734.0,day,cartByrCnt,2020-09-18
29,1314.0,3120.0,728.0,day,cartByrCnt,2020-09-19
0,1789.0,7601.0,1137.0,day,cartCnt,2020-08-21
1,1448.0,5779.0,1236.0,day,cartCnt,2020-08-22
2,1550.0,5212.0,1031.0,day,cartCnt,2020-08-23
3,1660.0,6380.0,1049.0,day,cartCnt,2020-08-24
4,1317.0,5019.0,951.0,day,cartCnt,2020-08-25
5,1089.0,5386.0,1151.0,day,cartCnt,2020-08-26
6,1430.0,4524.0,1038.0,day,cartCnt,2020-08-27
7,1208.0,5748.0,953.0,day,cartCnt,2020-08-28
8,1425.0,4937.0,1094.0,day,cartCnt,2020-08-29
9,1232.0,5694.0,1202.0,day,cartCnt,2020-08-30
10,1452.0,5337.0,1072.0,day,cartCnt,2020-08-31
11,1429.0,4647.0,1028.0,day,cartCnt,2020-09-01
12,1201.0,4544.0,1184.0,day,cartCnt,2020-09-02
13,1244.0,6237.0,1161.0,day,cartCnt,2020-09-03
14,1262.0,4318.0,1033.0,day,cartCnt,2020-09-04
15,2352.0,6540.0,2350.0,day,cartCnt,2020-09-05
16,2591.0,7274.0,2457.0,day,cartCnt,2020-09-06
17,3415.0,6915.0,2263.0,day,cartCnt,2020-09-07
18,5683.0,15212.0,2234.0,day,cartCnt,2020-09-08
19,7740.0,25280.0,2747.0,day,cartCnt,2020-09-09
20,3825.0,14103.0,1556.0,day,cartCnt,2020-09-10
21,3474.0,14510.0,1436.0,day,cartCnt,2020-09-11
22,1380.0,4228.0,1142.0,day,cartCnt,2020-09-12
23,1384.0,4226.0,1305.0,day,cartCnt,2020-09-13
24,1922.0,4389.0,1268.0,day,cartCnt,2020-09-14
25,2506.0,6046.0,1267.0,day,cartCnt,2020-09-15
26,2478.0,7465.0,1211.0,day,cartCnt,2020-09-16
27,2366.0,7068.0,1328.0,day,cartCnt,2020-09-17
28,2057.0,6347.0,1014.0,day,cartCnt,2020-09-18
29,2639.0,4849.0,997.0,day,cartCnt,2020-09-19
0,287.0,1218.0,417.0,day,cltItmCnt,2020-08-21
1,316.0,756.0,410.0,day,cltItmCnt,2020-08-22
2,337.0,722.0,360.0,day,cltItmCnt,2020-08-23
3,360.0,782.0,357.0,day,cltItmCnt,2020-08-24
4,327.0,1023.0,354.0,day,cltItmCnt,2020-08-25
5,270.0,733.0,389.0,day,cltItmCnt,2020-08-26
6,325.0,647.0,384.0,day,cltItmCnt,2020-08-27
7,280.0,669.0,375.0,day,cltItmCnt,2020-08-28
8,314.0,728.0,386.0,day,cltItmCnt,2020-08-29
9,364.0,757.0,443.0,day,cltItmCnt,2020-08-30
10,297.0,933.0,438.0,day,cltItmCnt,2020-08-31
11,332.0,726.0,445.0,day,cltItmCnt,2020-09-01
12,338.0,743.0,417.0,day,cltItmCnt,2020-09-02
13,396.0,1354.0,483.0,day,cltItmCnt,2020-09-03
14,369.0,876.0,439.0,day,cltItmCnt,2020-09-04
15,505.0,1283.0,907.0,day,cltItmCnt,2020-09-05
16,517.0,1272.0,908.0,day,cltItmCnt,2020-09-06
17,512.0,1108.0,885.0,day,cltItmCnt,2020-09-07
18,759.0,1831.0,494.0,day,cltItmCnt,2020-09-08
19,951.0,2042.0,491.0,day,cltItmCnt,2020-09-09
20,648.0,1260.0,422.0,day,cltItmCnt,2020-09-10
21,492.0,1192.0,436.0,day,cltItmCnt,2020-09-11
22,323.0,732.0,407.0,day,cltItmCnt,2020-09-12
23,437.0,699.0,422.0,day,cltItmCnt,2020-09-13
24,320.0,730.0,411.0,day,cltItmCnt,2020-09-14
25,366.0,809.0,377.0,day,cltItmCnt,2020-09-15
26,392.0,1160.0,374.0,day,cltItmCnt,2020-09-16
27,467.0,1158.0,427.0,day,cltItmCnt,2020-09-17
28,385.0,834.0,382.0,day,cltItmCnt,2020-09-18
29,401.0,833.0,344.0,day,cltItmCnt,2020-09-19
0,116584.0,333399.0,70022.0,day,pv,2020-08-21
1,129013.0,262951.0,63796.0,day,pv,2020-08-22
2,131945.0,236035.0,59940.0,day,pv,2020-08-23
3,129927.0,261200.0,59780.0,day,pv,2020-08-24
4,118605.0,271848.0,58877.0,day,pv,2020-08-25
5,110528.0,213563.0,67337.0,day,pv,2020-08-26
6,121421.0,208646.0,62512.0,day,pv,2020-08-27
7,113507.0,188007.0,59465.0,day,pv,2020-08-28
8,129506.0,207418.0,61086.0,day,pv,2020-08-29
9,149139.0,260803.0,64621.0,day,pv,2020-08-30
10,141769.0,248754.0,64966.0,day,pv,2020-08-31
11,132869.0,223158.0,64046.0,day,pv,2020-09-01
12,120159.0,226194.0,65244.0,day,pv,2020-09-02
13,126071.0,305392.0,70674.0,day,pv,2020-09-03
14,119233.0,282247.0,68002.0,day,pv,2020-09-04
15,150453.0,301666.0,73390.0,day,pv,2020-09-05
16,156312.0,335751.0,71593.0,day,pv,2020-09-06
17,147725.0,502093.0,69310.0,day,pv,2020-09-07
18,230872.0,679892.0,97388.0,day,pv,2020-09-08
19,396224.0,689597.0,133660.0,day,pv,2020-09-09
20,204261.0,464888.0,82795.0,day,pv,2020-09-10
21,210328.0,449014.0,75158.0,day,pv,2020-09-11
22,150298.0,300099.0,70735.0,day,pv,2020-09-12
23,147480.0,287470.0,73462.0,day,pv,2020-09-13
24,143363.0,288258.0,68619.0,day,pv,2020-09-14
25,154954.0,284713.0,64625.0,day,pv,2020-09-15
26,167858.0,332381.0,65702.0,day,pv,2020-09-16
27,190929.0,340221.0,68761.0,day,pv,2020-09-17
28,165715.0,279794.0,61514.0,day,pv,2020-09-18
29,180094.0,345257.0,54546.0,day,pv,2020-09-19
0,194621.0,616997.5,217012.90999999997,day,payAmt,2020-07-22
1,192849.0,364658.0,143703.64,day,payAmt,2020-07-23
2,138175.0,430321.0,133139.33999999997,day,payAmt,2020-07-24
3,109473.0,272595.5,76217.33,day,payAmt,2020-07-25
4,124011.0,308122.5,120824.49999999997,day,payAmt,2020-07-26
5,111072.0,314437.0,116884.49999999999,day,payAmt,2020-07-27
6,167605.0,469484.5,100510.73000000001,day,payAmt,2020-07-28
7,169232.0,399837.0,119275.35999999999,day,payAmt,2020-07-29
8,147587.0,361461.5,184027.8,day,payAmt,2020-07-30
9,149774.0,336614.0,81552.99999999999,day,payAmt,2020-07-31
10,116968.0,334051.0,106150.25999999998,day,payAmt,2020-08-01
11,127577.0,357906.5,92931.09999999999,day,payAmt,2020-08-02
12,99786.0,304292.5,95252.8,day,payAmt,2020-08-03
13,105117.0,276687.5,98271.78,day,payAmt,2020-08-04
14,96802.0,377562.0,96802.49999999999,day,payAmt,2020-08-05
15,518197.0,1026498.0,287996.99,day,payAmt,2020-08-06
16,348033.0,557434.0,141213.51999999996,day,payAmt,2020-08-07
17,357047.0,784357.0,170210.09,day,payAmt,2020-08-08
18,152251.0,288768.0,173787.65,day,payAmt,2020-08-09
19,147944.0,260414.0,131770.30999999994,day,payAmt,2020-08-10
20,156682.0,524103.5,156682.5,day,payAmt,2020-08-11
21,164110.0,413669.5,120306.10999999999,day,payAmt,2020-08-12
22,142637.0,409313.0,121618.50999999997,day,payAmt,2020-08-13
23,167555.0,323844.5,326520.7,day,payAmt,2020-08-14
24,128374.0,396678.5,600580.3,day,payAmt,2020-08-15
25,76458.0,267201.0,742387.7100000001,day,payAmt,2020-08-16
26,253655.0,663209.0,226717.2600000001,day,payAmt,2020-08-17
27,264490.0,4636108.0,127827.94999999997,day,payAmt,2020-08-18
28,305247.0,995179.0,188615.98000000004,day,payAmt,2020-08-19
29,173336.0,361995.2,179054.69999999995,day,payAmt,2020-08-20
0,25593.0,58742.0,17743.0,day,uv,2020-07-22
1,24077.0,40682.0,17251.0,day,uv,2020-07-23
2,22239.0,45093.0,16591.0,day,uv,2020-07-24
3,22975.0,40633.0,17438.0,day,uv,2020-07-25
4,23577.0,39268.0,18035.0,day,uv,2020-07-26
5,21456.0,47823.0,19754.0,day,uv,2020-07-27
6,22833.0,40043.0,20418.0,day,uv,2020-07-28
7,23757.0,39642.0,19954.0,day,uv,2020-07-29
8,23955.0,40879.0,20146.0,day,uv,2020-07-30
9,22371.0,37900.0,17448.0,day,uv,2020-07-31
10,22548.0,53295.0,18972.0,day,uv,2020-08-01
11,20396.0,55088.0,19224.0,day,uv,2020-08-02
12,22693.0,62380.0,19898.0,day,uv,2020-08-03
13,21264.0,59967.0,17744.0,day,uv,2020-08-04
14,37243.0,71280.0,20271.0,day,uv,2020-08-05
15,31881.0,72697.0,25930.0,day,uv,2020-08-06
16,39774.0,69243.0,25716.0,day,uv,2020-08-07
17,39839.0,81412.0,23354.0,day,uv,2020-08-08
18,36572.0,65474.0,28256.0,day,uv,2020-08-09
19,30220.0,67944.0,22813.0,day,uv,2020-08-10
20,31159.0,92034.0,19890.0,day,uv,2020-08-11
21,27908.0,54085.0,19970.0,day,uv,2020-08-12
22,26423.0,58559.0,16997.0,day,uv,2020-08-13
23,27092.0,66605.0,16447.0,day,uv,2020-08-14
24,26303.0,81198.0,16911.0,day,uv,2020-08-15
25,29315.0,108210.0,17285.0,day,uv,2020-08-16
26,29536.0,143344.0,20193.0,day,uv,2020-08-17
27,45994.0,260534.0,19972.0,day,uv,2020-08-18
28,38452.0,145735.0,19937.0,day,uv,2020-08-19
29,26076.0,141833.0,20023.0,day,uv,2020-08-20
0,0.0412,0.0828,0.02040241221890323,day,payRate,2020-07-22
1,0.0228,0.0795,0.019245261144281493,day,payRate,2020-07-23
2,0.026,0.0812,0.020071122897956723,day,payRate,2020-07-24
3,0.0142,0.0762,0.013763046220896892,day,payRate,2020-07-25
4,0.0265,0.0766,0.015303576379262544,day,payRate,2020-07-26
5,0.0263,0.0735,0.011744456818872127,day,payRate,2020-07-27
6,0.0291,0.0768,0.014301106866490351,day,payRate,2020-07-28
7,0.0217,0.0636,0.01628746116066954,day,payRate,2020-07-29
8,0.0264,0.0732,0.013104338330189615,day,payRate,2020-07-30
9,0.034,0.059,0.011176066024759285,day,payRate,2020-07-31
10,0.0167,0.0597,0.013915243516761544,day,payRate,2020-08-01
11,0.0177,0.0524,0.013784852267998336,day,payRate,2020-08-02
12,0.0157,0.0382,0.012765102020303547,day,payRate,2020-08-03
13,0.0131,0.0452,0.016005410279531108,day,payRate,2020-08-04
14,0.0111,0.0675,0.011050268856987814,day,payRate,2020-08-05
15,0.0526,0.0933,0.02067103740840725,day,payRate,2020-08-06
16,0.0215,0.0683,0.012365842277181521,day,payRate,2020-08-07
17,0.0253,0.0806,0.01691359081955982,day,payRate,2020-08-08
18,0.012,0.0602,0.010334088335220839,day,payRate,2020-08-09
19,0.0138,0.0534,0.012931223425239995,day,payRate,2020-08-10
20,0.0164,0.0607,0.014680744092508798,day,payRate,2020-08-11
21,0.0167,0.0538,0.014972458688032047,day,payRate,2020-08-12
22,0.014,0.0613,0.013178796258163206,day,payRate,2020-08-13
23,0.015,0.0488,0.014957135039824892,day,payRate,2020-08-14
24,0.0145,0.0583,0.01720773461060848,day,payRate,2020-08-15
25,0.0086,0.0375,0.017298235464275384,day,payRate,2020-08-16
26,0.0223,0.0567,0.018867924528301886,day,payRate,2020-08-17
27,0.0202,0.0882,0.016823552974163828,day,payRate,2020-08-18
28,0.0293,0.0732,0.01695340322014345,day,payRate,2020-08-19
29,0.0108,0.0495,0.014133746191879338,day,payRate,2020-08-20
0,599.0,1502.5,599.48317679558,day,payPct,2020-07-22
1,743.0,1478.5,432.8422891566265,day,payPct,2020-07-23
2,584.0,1364.0,399.8178378378377,day,payPct,2020-07-24
3,635.0,1634.5,317.5722083333333,day,payPct,2020-07-25
4,532.0,1490.5,437.76992753623176,day,payPct,2020-07-26
5,545.0,1908.0,503.81249999999994,day,payPct,2020-07-27
6,635.0,1991.0,344.2148287671233,day,payPct,2020-07-28
7,702.0,1914.5,367.00110769230764,day,payPct,2020-07-29
8,684.0,1649.0,697.0749999999999,day,payPct,2020-07-30
9,581.0,2203.5,418.22051282051274,day,payPct,2020-07-31
10,570.0,1738.5,402.0843181818181,day,payPct,2020-08-01
11,560.0,1261.0,350.6833962264151,day,payPct,2020-08-02
12,478.0,1126.5,375.0110236220473,day,payPct,2020-08-03
13,555.0,1611.5,346.0273943661972,day,payPct,2020-08-04
14,496.0,1542.0,432.1540178571428,day,payPct,2020-08-05
15,818.0,1882.0,537.3078171641791,day,payPct,2020-08-06
16,725.0,1829.0,444.06767295597473,day,payPct,2020-08-07
17,769.0,1379.0,430.91162025316453,day,payPct,2020-08-08
18,595.0,1528.5,595.1631849315069,day,payPct,2020-08-09
19,618.0,1928.0,446.67901694915236,day,payPct,2020-08-10
20,632.0,1182.0,536.5839041095891,day,payPct,2020-08-11
21,783.0,1388.0,402.36157190635447,day,payPct,2020-08-12
22,728.0,1347.0,542.9397767857141,day,payPct,2020-08-13
23,700.0,1718.5,1327.319918699187,day,payPct,2020-08-14
24,700.0,1695.0,2063.849828178694,day,payPct,2020-08-15
25,537.0,1736.5,2482.9020401337793,day,payPct,2020-08-16
26,645.0,1797.0,595.0584251968506,day,payPct,2020-08-17
27,626.0,1237.0,380.4403273809523,day,payPct,2020-08-18
28,558.0,1056.5,558.0354437869823,day,payPct,2020-08-19
29,777.2,1731.4,632.7021201413426,day,payPct,2020-08-20
0,25587.0,75200.5,25876.03,day,rfdSucAmt,2020-07-22
1,25771.0,44673.0,22628.7,day,rfdSucAmt,2020-07-23
2,17611.0,51453.0,32620.98,day,rfdSucAmt,2020-07-24
3,14140.0,32308.5,6763.66,day,rfdSucAmt,2020-07-25
4,11091.0,18959.5,9264.12,day,rfdSucAmt,2020-07-26
5,13195.0,23125.0,18108.0,day,rfdSucAmt,2020-07-27
6,12312.0,50757.5,10766.29,day,rfdSucAmt,2020-07-28
7,15322.6,53008.2,3886.0,day,rfdSucAmt,2020-07-29
8,16534.0,39998.0,4327.84,day,rfdSucAmt,2020-07-30
9,10112.0,42340.0,8755.3,day,rfdSucAmt,2020-07-31
10,13138.0,50967.0,12357.12,day,rfdSucAmt,2020-08-01
11,12665.8,38447.2,6393.43,day,rfdSucAmt,2020-08-02
12,9444.0,59400.0,4808.0,day,rfdSucAmt,2020-08-03
13,10306.0,40385.5,15013.35,day,rfdSucAmt,2020-08-04
14,12450.0,54079.6,7427.35,day,rfdSucAmt,2020-08-05
15,80227.0,125723.0,20891.67,day,rfdSucAmt,2020-08-06
16,35263.0,74937.5,25472.71,day,rfdSucAmt,2020-08-07
17,33611.0,68950.5,7935.08,day,rfdSucAmt,2020-08-08
18,15137.6,38269.0,4091.83,day,rfdSucAmt,2020-08-09
19,14918.0,33716.0,26136.32,day,rfdSucAmt,2020-08-10
20,17333.0,75608.5,13489.47,day,rfdSucAmt,2020-08-11
21,16057.0,57726.5,3305.0,day,rfdSucAmt,2020-08-12
22,22048.0,117519.5,13317.88,day,rfdSucAmt,2020-08-13
23,20035.0,59735.0,22972.0,day,rfdSucAmt,2020-08-14
24,14486.0,59342.5,35260.0,day,rfdSucAmt,2020-08-15
25,8463.0,51105.5,47781.4,day,rfdSucAmt,2020-08-16
26,32811.0,80969.5,27266.22,day,rfdSucAmt,2020-08-17
27,40249.0,385610.0,6228.46,day,rfdSucAmt,2020-08-18
28,35950.0,194339.0,11314.18,day,rfdSucAmt,2020-08-19
29,21282.8,180656.6,12292.07,day,rfdSucAmt,2020-08-20
0,4084.8,7590.2,3688.349999999999,day,p4pExpendAmt,2020-07-22
1,4100.0,6473.3,3959.3299999999977,day,p4pExpendAmt,2020-07-23
2,3971.0,6245.0,3606.869999999999,day,p4pExpendAmt,2020-07-24
3,3652.0,5271.0,3251.7999999999984,day,p4pExpendAmt,2020-07-25
4,2624.2,5411.8,3256.699999999997,day,p4pExpendAmt,2020-07-26
5,2846.0,4837.0,3138.9899999999975,day,p4pExpendAmt,2020-07-27
6,2368.0,6268.0,3492.910000000001,day,p4pExpendAmt,2020-07-28
7,2479.0,7574.0,3413.5799999999995,day,p4pExpendAmt,2020-07-29
8,2091.0,7436.0,3042.6900000000014,day,p4pExpendAmt,2020-07-30
9,2042.0,4963.0,3128.3600000000006,day,p4pExpendAmt,2020-07-31
10,2475.0,6262.2,3129.6499999999987,day,p4pExpendAmt,2020-08-01
11,2858.4,6536.5,3204.7899999999972,day,p4pExpendAmt,2020-08-02
12,3097.0,8931.0,3097.569999999999,day,p4pExpendAmt,2020-08-03
13,2981.2,10215.6,2698.9299999999994,day,p4pExpendAmt,2020-08-04
14,3618.4,13532.8,2653.020000000001,day,p4pExpendAmt,2020-08-05
15,4509.0,12118.6,2972.9100000000003,day,p4pExpendAmt,2020-08-06
16,4654.0,11738.6,2996.890000000001,day,p4pExpendAmt,2020-08-07
17,3967.8,9154.3,2956.82,day,p4pExpendAmt,2020-08-08
18,3851.2,7495.0,2823.6800000000003,day,p4pExpendAmt,2020-08-09
19,3729.0,12975.0,2660.459999999999,day,p4pExpendAmt,2020-08-10
20,4232.0,13871.3,2449.3399999999992,day,p4pExpendAmt,2020-08-11
21,3748.2,10309.1,2622.740000000001,day,p4pExpendAmt,2020-08-12
22,3042.6,8636.9,2229.8500000000004,day,p4pExpendAmt,2020-08-13
23,2907.6,10048.8,2771.0399999999986,day,p4pExpendAmt,2020-08-14
24,3281.4,13800.2,2910.65,day,p4pExpendAmt,2020-08-15
25,3508.8,13858.4,3057.0,day,p4pExpendAmt,2020-08-16
26,4260.6,13283.8,2889.4699999999993,day,p4pExpendAmt,2020-08-17
27,3578.6,13698.9,2836.6800000000017,day,p4pExpendAmt,2020-08-18
28,3728.2,10953.6,2464.859999999999,day,p4pExpendAmt,2020-08-19
29,3774.0,10895.0,2869.6899999999987,day,p4pExpendAmt,2020-08-20
0,873.8,2689.0,100.97999999999998,day,feedCharge,2020-07-22
1,893.4,2019.8,114.57,day,feedCharge,2020-07-23
2,646.4,1887.0,96.46000000000001,day,feedCharge,2020-07-24
3,713.8,2182.4,80.34,day,feedCharge,2020-07-25
4,924.4,2389.6,88.73000000000002,day,feedCharge,2020-07-26
5,729.6,2225.1,93.41000000000001,day,feedCharge,2020-07-27
6,779.2,2336.0,114.24,day,feedCharge,2020-07-28
7,695.4,2302.8,112.42000000000002,day,feedCharge,2020-07-29
8,896.2,2776.2,250.88,day,feedCharge,2020-07-30
9,999.4,2852.2,112.45,day,feedCharge,2020-07-31
10,1181.2,2380.4,104.22000000000003,day,feedCharge,2020-08-01
11,1253.8,2662.2,126.88000000000002,day,feedCharge,2020-08-02
12,1020.2,2719.4,115.52000000000001,day,feedCharge,2020-08-03
13,988.0,4655.0,88.92999999999999,day,feedCharge,2020-08-04
14,2341.0,4770.1,67.01999999999998,day,feedCharge,2020-08-05
15,2856.0,4833.0,78.61999999999999,day,feedCharge,2020-08-06
16,2686.2,4721.5,81.93999999999998,day,feedCharge,2020-08-07
17,2938.8,5034.6,68.27000000000001,day,feedCharge,2020-08-08
18,1782.0,4101.0,96.77000000000002,day,feedCharge,2020-08-09
19,1686.2,3370.3,99.18999999999998,day,feedCharge,2020-08-10
20,2101.4,3416.1,102.01,day,feedCharge,2020-08-11
21,2096.4,2775.4,101.94999999999999,day,feedCharge,2020-08-12
22,1917.6,2715.2,127.95999999999997,day,feedCharge,2020-08-13
23,1613.2,2868.8,106.81999999999996,day,feedCharge,2020-08-14
24,1988.0,4007.5,70.17,day,feedCharge,2020-08-15
25,2162.0,4405.5,92.69000000000001,day,feedCharge,2020-08-16
26,2321.0,4236.0,120.72999999999999,day,feedCharge,2020-08-17
27,2096.6,4191.0,115.61,day,feedCharge,2020-08-18
28,1983.2,3934.4,94.53,day,feedCharge,2020-08-19
29,2349.8,4203.8,94.28999999999996,day,feedCharge,2020-08-20
0,1926.4,2392.5,0.0,day,zzExpendAmt,2020-07-22
1,1653.4,2427.5,0.0,day,zzExpendAmt,2020-07-23
2,1559.0,3792.2,0.0,day,zzExpendAmt,2020-07-24
3,1657.0,3679.6,0.0,day,zzExpendAmt,2020-07-25
4,1131.6,2433.6,0.0,day,zzExpendAmt,2020-07-26
5,1494.4,3430.8,0.0,day,zzExpendAmt,2020-07-27
6,1459.0,2950.0,0.0,day,zzExpendAmt,2020-07-28
7,1631.0,2754.0,0.0,day,zzExpendAmt,2020-07-29
8,2197.2,3796.4,0.0,day,zzExpendAmt,2020-07-30
9,1462.6,2852.6,0.0,day,zzExpendAmt,2020-07-31
10,2156.0,3102.0,0.0,day,zzExpendAmt,2020-08-01
11,1440.0,3355.6,0.0,day,zzExpendAmt,2020-08-02
12,1449.0,3480.0,0.0,day,zzExpendAmt,2020-08-03
13,2571.6,3348.6,0.0,day,zzExpendAmt,2020-08-04
14,2854.2,4228.9,0.0,day,zzExpendAmt,2020-08-05
15,3094.0,6426.5,0.0,day,zzExpendAmt,2020-08-06
16,3223.4,5809.8,0.0,day,zzExpendAmt,2020-08-07
17,3819.0,5689.8,0.0,day,zzExpendAmt,2020-08-08
18,2705.8,4561.2,0.0,day,zzExpendAmt,2020-08-09
19,2512.2,5037.4,0.0,day,zzExpendAmt,2020-08-10
20,2351.0,3609.6,0.0,day,zzExpendAmt,2020-08-11
21,2555.0,3606.0,0.0,day,zzExpendAmt,2020-08-12
22,2359.0,4309.0,0.0,day,zzExpendAmt,2020-08-13
23,2007.0,3480.0,0.0,day,zzExpendAmt,2020-08-14
24,2429.0,7009.8,0.0,day,zzExpendAmt,2020-08-15
25,2305.0,3541.0,0.0,day,zzExpendAmt,2020-08-16
26,2194.0,3823.1,0.0,day,zzExpendAmt,2020-08-17
27,2152.0,3161.0,0.0,day,zzExpendAmt,2020-08-18
28,2559.0,3035.0,0.0,day,zzExpendAmt,2020-08-19
29,1694.8,2896.1,686.2724299999999,day,zzExpendAmt,2020-08-20
0,1522.0,10594.2,254.14999999999998,day,tkExpendAmt,2020-07-22
1,1239.6,11378.3,103.67000000000002,day,tkExpendAmt,2020-07-23
2,1500.8,11201.2,263.76,day,tkExpendAmt,2020-07-24
3,1121.2,11391.8,133.22000000000003,day,tkExpendAmt,2020-07-25
4,938.2,11813.8,253.73000000000005,day,tkExpendAmt,2020-07-26
5,1184.4,13425.8,228.09000000000003,day,tkExpendAmt,2020-07-27
6,1265.2,11738.2,256.50000000000006,day,tkExpendAmt,2020-07-28
7,1118.0,17398.0,127.36,day,tkExpendAmt,2020-07-29
8,1190.8,14446.6,145.05000000000004,day,tkExpendAmt,2020-07-30
9,757.8,15878.9,346.81,day,tkExpendAmt,2020-07-31
10,1074.2,19758.8,299.63999999999993,day,tkExpendAmt,2020-08-01
11,1161.6,19625.9,162.01999999999998,day,tkExpendAmt,2020-08-02
12,1026.4,18654.0,249.66,day,tkExpendAmt,2020-08-03
13,929.4,11485.3,126.67,day,tkExpendAmt,2020-08-04
14,688.2,13425.4,174.13,day,tkExpendAmt,2020-08-05
15,643.6,17653.5,223.97,day,tkExpendAmt,2020-08-06
16,1215.0,17463.8,70.92999999999999,day,tkExpendAmt,2020-08-07
17,1739.6,21682.2,198.88,day,tkExpendAmt,2020-08-08
18,1793.4,18520.2,130.32000000000002,day,tkExpendAmt,2020-08-09
19,2026.0,21154.4,187.61000000000007,day,tkExpendAmt,2020-08-10
20,1687.6,13488.0,223.49,day,tkExpendAmt,2020-08-11
21,1075.8,16251.4,366.72999999999996,day,tkExpendAmt,2020-08-12
22,923.2,17340.6,103.24000000000001,day,tkExpendAmt,2020-08-13
23,2249.4,12980.8,260.05,day,tkExpendAmt,2020-08-14
24,2086.4,38197.1,636.8099999999998,day,tkExpendAmt,2020-08-15
25,3525.0,48222.2,279.84,day,tkExpendAmt,2020-08-16
26,6129.6,28012.8,96.85,day,tkExpendAmt,2020-08-17
27,3494.4,28381.0,238.22,day,tkExpendAmt,2020-08-18
28,2589.0,26796.2,253.97,day,tkExpendAmt,2020-08-19
29,1359.0,36152.5,100.99,day,tkExpendAmt,2020-08-20
0,575.0,2999.0,362.0,day,payByrCnt,2020-07-22
1,437.0,2491.0,332.0,day,payByrCnt,2020-07-23
2,404.0,2314.0,333.0,day,payByrCnt,2020-07-24
3,285.0,1610.0,240.0,day,payByrCnt,2020-07-25
4,288.0,1802.0,276.0,day,payByrCnt,2020-07-26
5,301.0,1692.0,232.0,day,payByrCnt,2020-07-27
6,463.0,2176.0,292.0,day,payByrCnt,2020-07-28
7,438.0,1688.0,325.0,day,payByrCnt,2020-07-29
8,340.0,2151.0,264.0,day,payByrCnt,2020-07-30
9,306.0,1952.0,195.0,day,payByrCnt,2020-07-31
10,291.0,2279.0,264.0,day,payByrCnt,2020-08-01
11,296.0,1678.0,265.0,day,payByrCnt,2020-08-02
12,291.0,1483.0,254.0,day,payByrCnt,2020-08-03
13,280.0,1210.0,284.0,day,payByrCnt,2020-08-04
14,186.0,3272.0,224.0,day,payByrCnt,2020-08-05
15,982.0,4547.0,536.0,day,payByrCnt,2020-08-06
16,492.0,2695.0,318.0,day,payByrCnt,2020-08-07
17,702.0,3849.0,395.0,day,payByrCnt,2020-08-08
18,317.0,2230.0,292.0,day,payByrCnt,2020-08-09
19,329.0,2125.0,295.0,day,payByrCnt,2020-08-10
20,336.0,2082.0,292.0,day,payByrCnt,2020-08-11
21,345.0,1863.0,299.0,day,payByrCnt,2020-08-12
22,336.0,1765.0,224.0,day,payByrCnt,2020-08-13
23,298.0,1911.0,246.0,day,payByrCnt,2020-08-14
24,335.0,1460.0,291.0,day,payByrCnt,2020-08-15
25,219.0,1063.0,299.0,day,payByrCnt,2020-08-16
26,640.0,2095.0,381.0,day,payByrCnt,2020-08-17
27,532.0,16598.0,336.0,day,payByrCnt,2020-08-18
28,730.0,2720.0,338.0,day,payByrCnt,2020-08-19
29,286.0,1276.0,283.0,day,payByrCnt,2020-08-20
0,128.0,650.0,81.0,day,payOldByrCnt,2020-07-22
1,114.0,552.0,64.0,day,payOldByrCnt,2020-07-23
2,96.0,522.0,58.0,day,payOldByrCnt,2020-07-24
3,65.0,347.0,47.0,day,payOldByrCnt,2020-07-25
4,62.0,472.0,51.0,day,payOldByrCnt,2020-07-26
5,82.0,420.0,48.0,day,payOldByrCnt,2020-07-27
6,98.0,436.0,60.0,day,payOldByrCnt,2020-07-28
7,101.0,442.0,61.0,day,payOldByrCnt,2020-07-29
8,81.0,424.0,52.0,day,payOldByrCnt,2020-07-30
9,74.0,336.0,33.0,day,payOldByrCnt,2020-07-31
10,88.0,500.0,55.0,day,payOldByrCnt,2020-08-01
11,85.0,508.0,61.0,day,payOldByrCnt,2020-08-02
12,95.0,422.0,58.0,day,payOldByrCnt,2020-08-03
13,53.0,340.0,52.0,day,payOldByrCnt,2020-08-04
14,65.0,307.0,38.0,day,payOldByrCnt,2020-08-05
15,330.0,1378.0,109.0,day,payOldByrCnt,2020-08-06
16,147.0,952.0,61.0,day,payOldByrCnt,2020-08-07
17,190.0,1041.0,91.0,day,payOldByrCnt,2020-08-08
18,73.0,551.0,43.0,day,payOldByrCnt,2020-08-09
19,74.0,378.0,41.0,day,payOldByrCnt,2020-08-10
20,89.0,379.0,45.0,day,payOldByrCnt,2020-08-11
21,133.0,338.0,55.0,day,payOldByrCnt,2020-08-12
22,90.0,421.0,39.0,day,payOldByrCnt,2020-08-13
23,68.0,443.0,67.0,day,payOldByrCnt,2020-08-14
24,89.0,409.0,91.0,day,payOldByrCnt,2020-08-15
25,63.0,306.0,98.0,day,payOldByrCnt,2020-08-16
26,164.0,571.0,79.0,day,payOldByrCnt,2020-08-17
27,148.0,1619.0,61.0,day,payOldByrCnt,2020-08-18
28,218.0,975.0,71.0,day,payOldByrCnt,2020-08-19
29,80.0,344.0,61.0,day,payOldByrCnt,2020-08-20
0,74172.0,185592.5,117960.28000000001,day,olderPayAmt,2020-07-22
1,73137.2,167553.2,55720.01,day,olderPayAmt,2020-07-23
2,48847.0,115732.5,48847.08,day,olderPayAmt,2020-07-24
3,37058.4,77827.0,12359.9,day,olderPayAmt,2020-07-25
4,35278.0,95916.5,46479.8,day,olderPayAmt,2020-07-26
5,33525.0,90537.5,27801.4,day,olderPayAmt,2020-07-27
6,40430.0,129893.0,31528.100000000002,day,olderPayAmt,2020-07-28
7,59778.0,134309.5,31353.8,day,olderPayAmt,2020-07-29
8,46790.0,98887.5,93006.8,day,olderPayAmt,2020-07-30
9,48135.0,114402.5,33462.5,day,olderPayAmt,2020-07-31
10,55302.8,87518.8,20811.800000000003,day,olderPayAmt,2020-08-01
11,43163.0,113877.2,21734.100000000002,day,olderPayAmt,2020-08-02
12,36318.8,92007.8,34282.049999999996,day,olderPayAmt,2020-08-03
13,33511.4,90203.8,19448.79,day,olderPayAmt,2020-08-04
14,30077.0,60693.5,25551.31,day,olderPayAmt,2020-08-05
15,246743.0,419939.0,81876.75,day,olderPayAmt,2020-08-06
16,90381.0,249232.0,28336.700000000004,day,olderPayAmt,2020-08-07
17,133401.0,305278.0,71277.36000000002,day,olderPayAmt,2020-08-08
18,38173.0,136935.0,34828.4,day,olderPayAmt,2020-08-09
19,43530.0,91769.0,16965.81,day,olderPayAmt,2020-08-10
20,53986.0,131963.0,46848.6,day,olderPayAmt,2020-08-11
21,46609.0,127625.5,23673.010000000002,day,olderPayAmt,2020-08-12
22,44572.0,129496.0,40725.81,day,olderPayAmt,2020-08-13
23,46755.0,113500.0,185086.1,day,olderPayAmt,2020-08-14
24,38957.0,157815.5,449810.0,day,olderPayAmt,2020-08-15
25,23500.0,98204.0,516321.01,day,olderPayAmt,2020-08-16
26,100602.0,197171.5,89828.46999999999,day,olderPayAmt,2020-08-17
27,82428.0,775466.5,25158.0,day,olderPayAmt,2020-08-18
28,88861.0,376576.0,80760.93000000001,day,olderPayAmt,2020-08-19
29,52743.0,147543.4,35848.0,day,olderPayAmt,2020-08-20
0,638.0,3715.0,431.0,day,payOrdCnt,2020-07-22
1,564.0,2815.0,405.0,day,payOrdCnt,2020-07-23
2,508.0,2549.0,401.0,day,payOrdCnt,2020-07-24
3,333.0,1830.0,264.0,day,payOrdCnt,2020-07-25
4,390.0,2212.0,337.0,day,payOrdCnt,2020-07-26
5,336.0,1996.0,277.0,day,payOrdCnt,2020-07-27
6,501.0,2525.0,357.0,day,payOrdCnt,2020-07-28
7,492.0,2036.0,400.0,day,payOrdCnt,2020-07-29
8,426.0,2408.0,330.0,day,payOrdCnt,2020-07-30
9,400.0,2129.0,209.0,day,payOrdCnt,2020-07-31
10,342.0,2749.0,308.0,day,payOrdCnt,2020-08-01
11,373.0,2076.0,298.0,day,payOrdCnt,2020-08-02
12,386.0,1686.0,273.0,day,payOrdCnt,2020-08-03
13,323.0,1440.0,323.0,day,payOrdCnt,2020-08-04
14,239.0,3818.0,248.0,day,payOrdCnt,2020-08-05
15,1534.0,5542.0,638.0,day,payOrdCnt,2020-08-06
16,835.0,3401.0,378.0,day,payOrdCnt,2020-08-07
17,956.0,4485.0,455.0,day,payOrdCnt,2020-08-08
18,364.0,2646.0,348.0,day,payOrdCnt,2020-08-09
19,357.0,2500.0,335.0,day,payOrdCnt,2020-08-10
20,426.0,2610.0,335.0,day,payOrdCnt,2020-08-11
21,411.0,2081.0,364.0,day,payOrdCnt,2020-08-12
22,397.0,2117.0,267.0,day,payOrdCnt,2020-08-13
23,358.0,2258.0,300.0,day,payOrdCnt,2020-08-14
24,378.0,1584.0,376.0,day,payOrdCnt,2020-08-15
25,250.0,1283.0,390.0,day,payOrdCnt,2020-08-16
26,774.0,2462.0,473.0,day,payOrdCnt,2020-08-17
27,665.0,17870.0,408.0,day,payOrdCnt,2020-08-18
28,828.0,3371.0,414.0,day,payOrdCnt,2020-08-19
29,334.0,1568.0,331.0,day,payOrdCnt,2020-08-20
0,1286.0,5048.0,499.0,day,payItmCnt,2020-07-22
1,809.0,3056.0,468.0,day,payItmCnt,2020-07-23
2,662.0,3095.0,440.0,day,payItmCnt,2020-07-24
3,420.0,1996.0,283.0,day,payItmCnt,2020-07-25
4,464.0,2617.0,381.0,day,payItmCnt,2020-07-26
5,531.0,2259.0,314.0,day,payItmCnt,2020-07-27
6,774.0,2776.0,441.0,day,payItmCnt,2020-07-28
7,639.0,2274.0,456.0,day,payItmCnt,2020-07-29
8,598.0,3448.0,400.0,day,payItmCnt,2020-07-30
9,631.0,2376.0,252.0,day,payItmCnt,2020-07-31
10,599.0,3256.0,328.0,day,payItmCnt,2020-08-01
11,456.0,2310.0,384.0,day,payItmCnt,2020-08-02
12,492.0,1831.0,321.0,day,payItmCnt,2020-08-03
13,428.0,1660.0,363.0,day,payItmCnt,2020-08-04
14,305.0,5978.0,305.0,day,payItmCnt,2020-08-05
15,2050.0,7479.0,752.0,day,payItmCnt,2020-08-06
16,1082.0,4586.0,442.0,day,payItmCnt,2020-08-07
17,1294.0,5739.0,527.0,day,payItmCnt,2020-08-08
18,436.0,2900.0,403.0,day,payItmCnt,2020-08-09
19,466.0,2754.0,389.0,day,payItmCnt,2020-08-10
20,521.0,2905.0,383.0,day,payItmCnt,2020-08-11
21,672.0,2231.0,411.0,day,payItmCnt,2020-08-12
22,606.0,2859.0,304.0,day,payItmCnt,2020-08-13
23,511.0,2491.0,367.0,day,payItmCnt,2020-08-14
24,451.0,1762.0,447.0,day,payItmCnt,2020-08-15
25,343.0,1393.0,524.0,day,payItmCnt,2020-08-16
26,1096.0,3621.0,530.0,day,payItmCnt,2020-08-17
27,924.0,26374.0,476.0,day,payItmCnt,2020-08-18
28,1186.0,4846.0,452.0,day,payItmCnt,2020-08-19
29,416.0,1920.0,390.0,day,payItmCnt,2020-08-20
0,1177.0,3802.0,892.0,day,cartByrCnt,2020-07-22
1,1027.0,3151.0,852.0,day,cartByrCnt,2020-07-23
2,944.0,2704.0,895.0,day,cartByrCnt,2020-07-24
3,830.0,2618.0,830.0,day,cartByrCnt,2020-07-25
4,931.0,2946.0,855.0,day,cartByrCnt,2020-07-26
5,898.0,3464.0,945.0,day,cartByrCnt,2020-07-27
6,935.0,3181.0,935.0,day,cartByrCnt,2020-07-28
7,897.0,2732.0,774.0,day,cartByrCnt,2020-07-29
8,837.0,2535.0,819.0,day,cartByrCnt,2020-07-30
9,694.0,2617.0,694.0,day,cartByrCnt,2020-07-31
10,790.0,3116.0,816.0,day,cartByrCnt,2020-08-01
11,820.0,3605.0,871.0,day,cartByrCnt,2020-08-02
12,908.0,4364.0,908.0,day,cartByrCnt,2020-08-03
13,984.0,4059.0,924.0,day,cartByrCnt,2020-08-04
14,1153.0,5614.0,996.0,day,cartByrCnt,2020-08-05
15,1553.0,5635.0,1175.0,day,cartByrCnt,2020-08-06
16,1024.0,4592.0,938.0,day,cartByrCnt,2020-08-07
17,1125.0,4697.0,1100.0,day,cartByrCnt,2020-08-08
18,1049.0,3217.0,1043.0,day,cartByrCnt,2020-08-09
19,956.0,3491.0,895.0,day,cartByrCnt,2020-08-10
20,860.0,4053.0,860.0,day,cartByrCnt,2020-08-11
21,877.0,3050.0,902.0,day,cartByrCnt,2020-08-12
22,842.0,3209.0,807.0,day,cartByrCnt,2020-08-13
23,836.0,3153.0,862.0,day,cartByrCnt,2020-08-14
24,771.0,6475.0,983.0,day,cartByrCnt,2020-08-15
25,944.0,4023.0,991.0,day,cartByrCnt,2020-08-16
26,1100.0,7741.0,1052.0,day,cartByrCnt,2020-08-17
27,1092.0,8337.0,934.0,day,cartByrCnt,2020-08-18
28,1026.0,4645.0,921.0,day,cartByrCnt,2020-08-19
29,718.0,3595.0,796.0,day,cartByrCnt,2020-08-20
0,2400.0,6829.0,1324.0,day,cartCnt,2020-07-22
1,1706.0,5249.0,1284.0,day,cartCnt,2020-07-23
2,1909.0,4386.0,1274.0,day,cartCnt,2020-07-24
3,1743.0,6183.0,1111.0,day,cartCnt,2020-07-25
4,1436.0,4852.0,1173.0,day,cartCnt,2020-07-26
5,1429.0,5357.0,1332.0,day,cartCnt,2020-07-27
6,1523.0,5180.0,1355.0,day,cartCnt,2020-07-28
7,1413.0,4250.0,1115.0,day,cartCnt,2020-07-29
8,1299.0,4186.0,1252.0,day,cartCnt,2020-07-30
9,1193.0,4624.0,1016.0,day,cartCnt,2020-07-31
10,1136.0,4751.0,1136.0,day,cartCnt,2020-08-01
11,1267.0,5446.0,1407.0,day,cartCnt,2020-08-02
12,1604.0,6823.0,1374.0,day,cartCnt,2020-08-03
13,1621.0,6143.0,1344.0,day,cartCnt,2020-08-04
14,2857.0,8731.0,1462.0,day,cartCnt,2020-08-05
15,4529.0,11240.0,2049.0,day,cartCnt,2020-08-06
16,2403.0,8369.0,1312.0,day,cartCnt,2020-08-07
17,2450.0,8465.0,1639.0,day,cartCnt,2020-08-08
18,1511.0,5014.0,1424.0,day,cartCnt,2020-08-09
19,1354.0,5393.0,1235.0,day,cartCnt,2020-08-10
20,1326.0,6717.0,1216.0,day,cartCnt,2020-08-11
21,1414.0,4481.0,1455.0,day,cartCnt,2020-08-12
22,1474.0,4784.0,1279.0,day,cartCnt,2020-08-13
23,1150.0,4964.0,1342.0,day,cartCnt,2020-08-14
24,1287.0,10142.0,1554.0,day,cartCnt,2020-08-15
25,1513.0,5540.0,1623.0,day,cartCnt,2020-08-16
26,2344.0,13301.0,1591.0,day,cartCnt,2020-08-17
27,1854.0,13169.0,1374.0,day,cartCnt,2020-08-18
28,1902.0,7059.0,1316.0,day,cartCnt,2020-08-19
29,1267.0,5561.0,1124.0,day,cartCnt,2020-08-20
0,348.0,800.0,385.0,day,cltItmCnt,2020-07-22
1,327.0,759.0,380.0,day,cltItmCnt,2020-07-23
2,293.0,615.0,403.0,day,cltItmCnt,2020-07-24
3,305.0,586.0,420.0,day,cltItmCnt,2020-07-25
4,320.0,637.0,418.0,day,cltItmCnt,2020-07-26
5,284.0,633.0,481.0,day,cltItmCnt,2020-07-27
6,271.0,614.0,492.0,day,cltItmCnt,2020-07-28
7,360.0,584.0,463.0,day,cltItmCnt,2020-07-29
8,274.0,505.0,451.0,day,cltItmCnt,2020-07-30
9,264.0,497.0,384.0,day,cltItmCnt,2020-07-31
10,278.0,593.0,433.0,day,cltItmCnt,2020-08-01
11,299.0,891.0,434.0,day,cltItmCnt,2020-08-02
12,337.0,901.0,472.0,day,cltItmCnt,2020-08-03
13,361.0,888.0,428.0,day,cltItmCnt,2020-08-04
14,471.0,1212.0,458.0,day,cltItmCnt,2020-08-05
15,485.0,975.0,561.0,day,cltItmCnt,2020-08-06
16,321.0,805.0,468.0,day,cltItmCnt,2020-08-07
17,339.0,793.0,539.0,day,cltItmCnt,2020-08-08
18,374.0,688.0,595.0,day,cltItmCnt,2020-08-09
19,358.0,926.0,465.0,day,cltItmCnt,2020-08-10
20,309.0,1335.0,422.0,day,cltItmCnt,2020-08-11
21,249.0,724.0,467.0,day,cltItmCnt,2020-08-12
22,314.0,649.0,387.0,day,cltItmCnt,2020-08-13
23,250.0,570.0,411.0,day,cltItmCnt,2020-08-14
24,322.0,970.0,434.0,day,cltItmCnt,2020-08-15
25,274.0,689.0,466.0,day,cltItmCnt,2020-08-16
26,391.0,1934.0,430.0,day,cltItmCnt,2020-08-17
27,434.0,2544.0,452.0,day,cltItmCnt,2020-08-18
28,388.0,964.0,416.0,day,cltItmCnt,2020-08-19
29,290.0,864.0,409.0,day,cltItmCnt,2020-08-20
0,112967.0,217373.0,66772.0,day,pv,2020-07-22
1,88311.0,179591.0,64180.0,day,pv,2020-07-23
2,96666.0,169627.0,62691.0,day,pv,2020-07-24
3,76260.0,163936.0,63857.0,day,pv,2020-07-25
4,83775.0,159247.0,65781.0,day,pv,2020-07-26
5,75801.0,171788.0,72194.0,day,pv,2020-07-27
6,75438.0,181270.0,75438.0,day,pv,2020-07-28
7,76675.0,179861.0,70893.0,day,pv,2020-07-29
8,84099.0,172548.0,69810.0,day,pv,2020-07-30
9,80371.0,159461.0,60995.0,day,pv,2020-07-31
10,76735.0,180519.0,68536.0,day,pv,2020-08-01
11,73121.0,198622.0,69925.0,day,pv,2020-08-02
12,91079.0,214092.0,71845.0,day,pv,2020-08-03
13,103142.0,211081.0,65476.0,day,pv,2020-08-04
14,117182.0,253668.0,75381.0,day,pv,2020-08-05
15,138207.0,328628.0,90468.0,day,pv,2020-08-06
16,102134.0,263387.0,80221.0,day,pv,2020-08-07
17,122861.0,311242.0,86333.0,day,pv,2020-08-08
18,112463.0,202671.0,94109.0,day,pv,2020-08-09
19,111221.0,213929.0,80852.0,day,pv,2020-08-10
20,115691.0,234723.0,71110.0,day,pv,2020-08-11
21,110884.0,191785.0,77115.0,day,pv,2020-08-12
22,107055.0,187874.0,67740.0,day,pv,2020-08-13
23,85275.0,192340.0,80481.0,day,pv,2020-08-14
24,102181.0,283167.0,85875.0,day,pv,2020-08-15
25,115846.0,247471.0,93966.0,day,pv,2020-08-16
26,130726.0,411217.0,83261.0,day,pv,2020-08-17
27,153248.0,1008270.0,79520.0,day,pv,2020-08-18
28,163212.0,458551.0,76013.0,day,pv,2020-08-19
29,94843.0,237854.0,73310.0,day,pv,2020-08-20
